Area,Region,Item,Element,Unit,Y2009,Y2010,Y2011,Y2012,Y2013,combinedYears
Brazil,Americas,Total,Export Quantity,1000 tonnes,172815,184195,187320,212984,253104,10948289
China,Asia,Total,Export Quantity,1000 tonnes,74209,80136,85543,80015,82187,18355164
India,Asia,Total,Export Quantity,1000 tonnes,27995,31444,46835,70812,81619,10513153
Russian Federation,Europe,Total,Export Quantity,1000 tonnes,54553,36537,48857,60398,53558,2443976
United States of America,Americas,Total,Export Quantity,1000 tonnes,324800,360741,353865,332792,327048,8493987
Brazil,Americas,Total,Import Quantity,1000 tonnes,26988,29241,31306,33251,33637,1010418
China,Asia,Total,Import Quantity,1000 tonnes,251686,280768,278826,335198,361394,402090
India,Asia,Total,Import Quantity,1000 tonnes,34887,22434,28179,34886,37907,258705
Russian Federation,Europe,Total,Import Quantity,1000 tonnes,49951,58441,59415,56611,60897,253903
United States of America,Americas,Total,Import Quantity,1000 tonnes,136247,138216,141063,153961,163770,1699246
Brazil,Americas,Wheat and products,Import Quantity,1000 tonnes,6381,7270,6790,7547,7630,154423
Brazil,Americas,Rice (Milled Equivalent),Import Quantity,1000 tonnes,606,731,565,673,717,1507872
Brazil,Americas,Barley and products,Import Quantity,1000 tonnes,1496,1352,1328,1244,1390,158293
Brazil,Americas,Maize and products,Import Quantity,1000 tonnes,1168,510,682,865,979,285315
Brazil,Americas,Rye and products,Import Quantity,1000 tonnes,0,0,0,0,0,733257
Brazil,Americas,Oats,Import Quantity,1000 tonnes,0,1,0,0,0,35618
Brazil,Americas,Millet and products,Import Quantity,1000 tonnes,2,2,8,6,5,3292
Brazil,Americas,Sorghum and products,Import Quantity,1000 tonnes,3,1,0,0,17,6810
Brazil,Americas,"Cereals, Other",Import Quantity,1000 tonnes,22,30,28,29,30,4204
Brazil,Americas,Cassava and products,Import Quantity,1000 tonnes,8,123,135,87,91,0
Brazil,Americas,Potatoes and products,Import Quantity,1000 tonnes,299,467,439,437,556,1
Brazil,Americas,Sweet potatoes,Import Quantity,1000 tonnes,0,0,0,0,0,23
Brazil,Americas,Yams,Import Quantity,1000 tonnes,0,0,0,0,0,21
Brazil,Americas,"Roots, Other",Import Quantity,1000 tonnes,0,0,0,0,0,139
Brazil,Americas,Sugar (Raw Equivalent),Import Quantity,1000 tonnes,7,16,19,10,10,444
Brazil,Americas,"Sweeteners, Other",Import Quantity,1000 tonnes,29,38,39,58,57,2198
Brazil,Americas,Honey,Import Quantity,1000 tonnes,0,0,0,0,0,0
Brazil,Americas,Beans,Import Quantity,1000 tonnes,110,181,207,312,304,0
Brazil,Americas,Peas,Import Quantity,1000 tonnes,31,41,40,37,45,0
Brazil,Americas,"Pulses, Other and products",Import Quantity,1000 tonnes,15,21,22,21,25,62
Brazil,Americas,Nuts and products,Import Quantity,1000 tonnes,23,22,65,86,67,221
Brazil,Americas,Soyabeans,Import Quantity,1000 tonnes,99,118,41,267,283,0
Brazil,Americas,Groundnuts (Shelled Eq),Import Quantity,1000 tonnes,0,0,0,0,0,1114
Brazil,Americas,Sunflower seed,Import Quantity,1000 tonnes,4,3,3,8,7,194
Brazil,Americas,Rape and Mustardseed,Import Quantity,1000 tonnes,14,33,32,37,28,104
Brazil,Americas,Cottonseed,Import Quantity,1000 tonnes,0,0,0,0,0,263
Brazil,Americas,Coconuts - Incl Copra,Import Quantity,1000 tonnes,36,36,50,60,87,808
Brazil,Americas,Sesame seed,Import Quantity,1000 tonnes,4,3,3,4,4,0
Brazil,Americas,Palm kernels,Import Quantity,1000 tonnes,0,0,0,0,0,25
Brazil,Americas,Olives (including preserved),Import Quantity,1000 tonnes,73,85,93,103,106,144
Brazil,Americas,"Oilcrops, Other",Import Quantity,1000 tonnes,14,19,12,14,19,0
Brazil,Americas,Soyabean Oil,Import Quantity,1000 tonnes,27,18,1,2,6,269
Brazil,Americas,Groundnut Oil,Import Quantity,1000 tonnes,0,0,0,0,0,18
Brazil,Americas,Sunflowerseed Oil,Import Quantity,1000 tonnes,17,30,34,40,27,0
Brazil,Americas,Rape and Mustard Oil,Import Quantity,1000 tonnes,10,9,11,8,11,460
Brazil,Americas,Cottonseed Oil,Import Quantity,1000 tonnes,2,2,7,0,0,78
Brazil,Americas,Palmkernel Oil,Import Quantity,1000 tonnes,132,177,155,166,181,54
Brazil,Americas,Palm Oil,Import Quantity,1000 tonnes,158,190,257,285,295,0
Brazil,Americas,Coconut Oil,Import Quantity,1000 tonnes,0,0,0,2,0,148
Brazil,Americas,Sesameseed Oil,Import Quantity,1000 tonnes,1,1,1,1,1,49
Brazil,Americas,Olive Oil,Import Quantity,1000 tonnes,48,56,66,76,73,11
Brazil,Americas,Ricebran Oil,Import Quantity,1000 tonnes,0,0,0,0,0,811
Brazil,Americas,Maize Germ Oil,Import Quantity,1000 tonnes,0,0,0,0,0,1185
Brazil,Americas,"Oilcrops Oil, Other",Import Quantity,1000 tonnes,35,33,25,29,28,2
Brazil,Americas,Tomatoes and products,Import Quantity,1000 tonnes,44,105,51,61,107,5
Brazil,Americas,Onions,Import Quantity,1000 tonnes,0,0,0,0,0,319
Brazil,Americas,"Vegetables, Other",Import Quantity,1000 tonnes,446,561,531,500,644,0
Brazil,Americas,"Oranges, Mandarines",Import Quantity,1000 tonnes,3,44,59,30,34,0
Brazil,Americas,"Lemons, Limes and products",Import Quantity,1000 tonnes,1,11,21,11,24,150
Brazil,Americas,Grapefruit and products,Import Quantity,1000 tonnes,1,2,3,3,3,368
Brazil,Americas,"Citrus, Other",Import Quantity,1000 tonnes,0,0,0,0,0,0
Brazil,Americas,Bananas,Import Quantity,1000 tonnes,0,0,0,0,0,2682
Brazil,Americas,Apples and products,Import Quantity,1000 tonnes,62,78,97,58,95,170
Brazil,Americas,Pineapples and products,Import Quantity,1000 tonnes,1,1,0,0,1,68
Brazil,Americas,Dates,Import Quantity,1000 tonnes,1,1,1,1,1,12
Brazil,Americas,Grapes and products (excl wine),Import Quantity,1000 tonnes,109,130,132,133,134,0
Brazil,Americas,"Fruits, Other",Import Quantity,1000 tonnes,332,388,452,446,416,0
Brazil,Americas,Coffee and products,Import Quantity,1000 tonnes,1,2,2,3,4,390
Brazil,Americas,Cocoa Beans and products,Import Quantity,1000 tonnes,130,99,80,130,69,3
Brazil,Americas,Tea (including mate),Import Quantity,1000 tonnes,4,7,4,2,4,5
Brazil,Americas,Pepper,Import Quantity,1000 tonnes,0,1,1,0,0,638
Brazil,Americas,Pimento,Import Quantity,1000 tonnes,1,1,1,1,1,2034
Brazil,Americas,Cloves,Import Quantity,1000 tonnes,0,0,0,0,0,12
Brazil,Americas,"Spices, Other",Import Quantity,1000 tonnes,12,10,13,12,13,508
Brazil,Americas,Wine,Import Quantity,1000 tonnes,59,75,78,80,72,21
Brazil,Americas,Beer,Import Quantity,1000 tonnes,17,22,45,43,34,2
Brazil,Americas,"Beverages, Fermented",Import Quantity,1000 tonnes,0,1,1,1,1,5
Brazil,Americas,"Beverages, Alcoholic",Import Quantity,1000 tonnes,22,28,34,45,41,0
Brazil,Americas,"Alcohol, Non-Food",Import Quantity,1000 tonnes,4,63,920,436,104,60
Brazil,Americas,Bovine Meat,Import Quantity,1000 tonnes,32,34,37,59,56,364
Brazil,Americas,Mutton & Goat Meat,Import Quantity,1000 tonnes,7,6,5,6,9,161
Brazil,Americas,Pigmeat,Import Quantity,1000 tonnes,1,1,1,2,2,4
Brazil,Americas,Poultry Meat,Import Quantity,1000 tonnes,1,1,2,2,3,170
Brazil,Americas,"Meat, Other",Import Quantity,1000 tonnes,0,0,0,0,0,1527
Brazil,Americas,"Offals, Edible",Import Quantity,1000 tonnes,8,6,7,3,3,218
Brazil,Americas,"Butter, Ghee",Import Quantity,1000 tonnes,7,2,1,7,4,33
Brazil,Americas,Cream,Import Quantity,1000 tonnes,0,0,0,0,0,7
Brazil,Americas,"Fats, Animals, Raw",Import Quantity,1000 tonnes,53,47,52,29,52,9
Brazil,Americas,"Fish, Body Oil",Import Quantity,1000 tonnes,1,2,2,2,2,0
Brazil,Americas,"Fish, Liver Oil",Import Quantity,1000 tonnes,0,0,0,0,0,27
Brazil,Americas,Eggs,Import Quantity,1000 tonnes,0,0,0,0,0,21
Brazil,Americas,Milk - Excluding Butter,Import Quantity,1000 tonnes,766,664,1087,1233,1032,0
Brazil,Americas,Freshwater Fish,Import Quantity,1000 tonnes,44,41,50,118,118,233
Brazil,Americas,Demersal Fish,Import Quantity,1000 tonnes,278,379,530,432,432,9
Brazil,Americas,Pelagic Fish,Import Quantity,1000 tonnes,70,79,77,102,102,0
Brazil,Americas,"Marine Fish, Other",Import Quantity,1000 tonnes,87,93,97,102,102,0
Brazil,Americas,Crustaceans,Import Quantity,1000 tonnes,0,0,0,1,1,4782
Brazil,Americas,Cephalopods,Import Quantity,1000 tonnes,2,2,3,4,4,371
Brazil,Americas,"Molluscs, Other",Import Quantity,1000 tonnes,8,9,10,6,6,2051
Brazil,Americas,Aquatic Plants,Import Quantity,1000 tonnes,2,2,3,0,0,430
Brazil,Americas,Infant food,Import Quantity,1000 tonnes,2,3,4,6,8,481
Brazil,Americas,Cereals - Excluding Beer,Import Quantity,1000 tonnes,9679,9897,9401,10365,10768,2
Brazil,Americas,Starchy Roots,Import Quantity,1000 tonnes,308,590,574,524,647,15
Brazil,Americas,Sugar & Sweeteners,Import Quantity,1000 tonnes,36,53,58,68,68,39
Brazil,Americas,Pulses,Import Quantity,1000 tonnes,156,243,270,370,374,7
Brazil,Americas,Treenuts,Import Quantity,1000 tonnes,23,22,65,86,67,23
Brazil,Americas,Oilcrops,Import Quantity,1000 tonnes,243,298,235,493,534,50110
Brazil,Americas,Vegetable Oils,Import Quantity,1000 tonnes,430,516,558,610,622,2643
Brazil,Americas,Vegetables,Import Quantity,1000 tonnes,490,667,582,561,751,283
Brazil,Americas,Fruits - Excluding Wine,Import Quantity,1000 tonnes,510,655,766,682,706,1413
Brazil,Americas,Stimulants,Import Quantity,1000 tonnes,135,107,86,134,77,263
Brazil,Americas,Spices,Import Quantity,1000 tonnes,13,12,14,14,15,1803
Brazil,Americas,Alcoholic Beverages,Import Quantity,1000 tonnes,102,188,1078,605,253,2736
Brazil,Americas,Meat,Import Quantity,1000 tonnes,41,42,45,69,71,3051
Brazil,Americas,Offals,Import Quantity,1000 tonnes,8,6,7,3,3,3319
Brazil,Americas,Animal fats,Import Quantity,1000 tonnes,62,51,55,39,59,539
Brazil,Americas,Eggs,Import Quantity,1000 tonnes,0,0,0,0,0,68
Brazil,Americas,Milk - Excluding Butter,Import Quantity,1000 tonnes,766,664,1087,1233,1032,2226
Brazil,Americas,"Fish, Seafood",Import Quantity,1000 tonnes,489,605,766,765,765,268
Brazil,Americas,"Aquatic Products, Other",Import Quantity,1000 tonnes,2,2,3,0,0,27
Brazil,Americas,Miscellaneous,Import Quantity,1000 tonnes,2,3,4,6,8,266
China,Asia,Wheat and products,Import Quantity,1000 tonnes,2712,2991,3280,5761,7572,0
China,Asia,Rice (Milled Equivalent),Import Quantity,1000 tonnes,806,899,1078,2806,2714,4782
China,Asia,Barley and products,Import Quantity,1000 tonnes,1920,2557,1965,2710,2528,3390
China,Asia,Maize and products,Import Quantity,1000 tonnes,4755,6764,6021,9635,7407,7
China,Asia,Rye and products,Import Quantity,1000 tonnes,3,4,2,0,0,23
China,Asia,Oats,Import Quantity,1000 tonnes,99,122,119,136,152,22316
China,Asia,Millet and products,Import Quantity,1000 tonnes,3,3,2,4,4,8303
China,Asia,Sorghum and products,Import Quantity,1000 tonnes,86,153,98,185,1198,11680
China,Asia,"Cereals, Other",Import Quantity,1000 tonnes,94,90,93,94,96,34582
China,Asia,Cassava and products,Import Quantity,1000 tonnes,23718,21866,20665,27672,30466,9
China,Asia,Potatoes and products,Import Quantity,1000 tonnes,977,1858,838,1254,1172,628
China,Asia,Sweet potatoes,Import Quantity,1000 tonnes,17,15,8,14,17,16
China,Asia,Yams,Import Quantity,1000 tonnes,5,5,4,0,1,1720
China,Asia,"Roots, Other",Import Quantity,1000 tonnes,11,13,11,13,15,467
China,Asia,Sugar cane,Import Quantity,1000 tonnes,2,1,1,1,929,124387
China,Asia,Sugar beet,Import Quantity,1000 tonnes,0,0,0,0,0,6099
China,Asia,Sugar (Raw Equivalent),Import Quantity,1000 tonnes,2000,2675,3868,4724,5509,71
China,Asia,"Sweeteners, Other",Import Quantity,1000 tonnes,129,143,162,174,173,15
China,Asia,Honey,Import Quantity,1000 tonnes,9,8,8,10,12,63
China,Asia,Beans,Import Quantity,1000 tonnes,54,118,67,82,68,934
China,Asia,Peas,Import Quantity,1000 tonnes,394,576,752,690,1054,0
China,Asia,"Pulses, Other and products",Import Quantity,1000 tonnes,50,60,48,273,59,18776
China,Asia,Nuts and products,Import Quantity,1000 tonnes,472,571,514,617,581,781
China,Asia,Soyabeans,Import Quantity,1000 tonnes,44962,57392,54846,60779,65564,47
China,Asia,Groundnuts (Shelled Eq),Import Quantity,1000 tonnes,21,34,77,42,38,389
China,Asia,Sunflower seed,Import Quantity,1000 tonnes,4,9,7,5,4,3466
China,Asia,Rape and Mustardseed,Import Quantity,1000 tonnes,3291,1607,1265,2934,3667,490
China,Asia,Cottonseed,Import Quantity,1000 tonnes,1,17,379,395,144,2755
China,Asia,Coconuts - Incl Copra,Import Quantity,1000 tonnes,160,169,225,214,229,283543
China,Asia,Sesame seed,Import Quantity,1000 tonnes,355,436,430,435,481,212
China,Asia,Palm kernels,Import Quantity,1000 tonnes,0,0,0,0,0,29
China,Asia,Olives (including preserved),Import Quantity,1000 tonnes,2,2,3,3,3,12764
China,Asia,"Oilcrops, Other",Import Quantity,1000 tonnes,229,262,130,190,241,936
China,Asia,Soyabean Oil,Import Quantity,1000 tonnes,2469,1401,1204,1882,1213,997
China,Asia,Groundnut Oil,Import Quantity,1000 tonnes,51,105,98,92,89,2137
China,Asia,Sunflowerseed Oil,Import Quantity,1000 tonnes,160,152,83,122,448,0
China,Asia,Rape and Mustard Oil,Import Quantity,1000 tonnes,634,1171,866,1359,1691,13
China,Asia,Cottonseed Oil,Import Quantity,1000 tonnes,0,0,1,3,5,1052
China,Asia,Palmkernel Oil,Import Quantity,1000 tonnes,513,480,395,490,618,8169
China,Asia,Palm Oil,Import Quantity,1000 tonnes,6871,6266,6605,7282,7098,435
China,Asia,Coconut Oil,Import Quantity,1000 tonnes,149,316,178,217,140,965
China,Asia,Sesameseed Oil,Import Quantity,1000 tonnes,5,5,5,6,7,5721
China,Asia,Olive Oil,Import Quantity,1000 tonnes,21,32,46,58,52,9
China,Asia,Maize Germ Oil,Import Quantity,1000 tonnes,9,10,7,7,7,2496
China,Asia,"Oilcrops Oil, Other",Import Quantity,1000 tonnes,185,231,205,317,305,34122
China,Asia,Tomatoes and products,Import Quantity,1000 tonnes,48,58,67,73,143,1000
China,Asia,Onions,Import Quantity,1000 tonnes,70,62,46,90,83,28
China,Asia,"Vegetables, Other",Import Quantity,1000 tonnes,1358,1380,1583,1744,1448,209
China,Asia,"Oranges, Mandarines",Import Quantity,1000 tonnes,599,680,742,636,668,40
China,Asia,"Lemons, Limes and products",Import Quantity,1000 tonnes,37,56,37,38,41,1243
China,Asia,Grapefruit and products,Import Quantity,1000 tonnes,61,48,45,61,70,389
China,Asia,"Citrus, Other",Import Quantity,1000 tonnes,65,3,10,14,22,351
China,Asia,Bananas,Import Quantity,1000 tonnes,579,739,917,710,601,7513
China,Asia,Plantains,Import Quantity,1000 tonnes,0,0,0,0,0,3325
China,Asia,Apples and products,Import Quantity,1000 tonnes,371,698,915,710,575,209
China,Asia,Pineapples and products,Import Quantity,1000 tonnes,53,68,110,98,130,285
China,Asia,Dates,Import Quantity,1000 tonnes,11,15,27,19,16,114
China,Asia,Grapes and products (excl wine),Import Quantity,1000 tonnes,339,337,432,479,501,3546
China,Asia,"Fruits, Other",Import Quantity,1000 tonnes,2732,2329,2451,2845,3077,0
China,Asia,Coffee and products,Import Quantity,1000 tonnes,79,103,128,158,161,3269
China,Asia,Cocoa Beans and products,Import Quantity,1000 tonnes,115,147,174,181,210,459
China,Asia,Tea (including mate),Import Quantity,1000 tonnes,47,61,60,66,67,88
China,Asia,Pepper,Import Quantity,1000 tonnes,7,8,8,7,7,2088
China,Asia,Pimento,Import Quantity,1000 tonnes,4,10,11,23,8,13434
China,Asia,Cloves,Import Quantity,1000 tonnes,0,0,1,1,1,629
China,Asia,"Spices, Other",Import Quantity,1000 tonnes,11,13,13,15,12,827
China,Asia,Wine,Import Quantity,1000 tonnes,224,349,440,469,451,301
China,Asia,Beer,Import Quantity,1000 tonnes,309,315,353,407,481,37
China,Asia,"Beverages, Fermented",Import Quantity,1000 tonnes,10,12,13,14,15,56
China,Asia,"Beverages, Alcoholic",Import Quantity,1000 tonnes,83,103,125,123,121,3
China,Asia,"Alcohol, Non-Food",Import Quantity,1000 tonnes,44,45,45,80,85,64
China,Asia,Bovine Meat,Import Quantity,1000 tonnes,337,370,383,494,765,1933
China,Asia,Mutton & Goat Meat,Import Quantity,1000 tonnes,103,104,125,159,296,1865
China,Asia,Pigmeat,Import Quantity,1000 tonnes,883,939,1366,1315,1436,64
China,Asia,Poultry Meat,Import Quantity,1000 tonnes,1882,1872,1993,1698,1903,555
China,Asia,"Meat, Other",Import Quantity,1000 tonnes,16,24,23,25,21,299
China,Asia,"Offals, Edible",Import Quantity,1000 tonnes,1323,1593,1728,1510,1540,2349
China,Asia,"Butter, Ghee",Import Quantity,1000 tonnes,51,49,64,77,80,787
China,Asia,Cream,Import Quantity,1000 tonnes,14,17,22,25,10,5939
China,Asia,"Fats, Animals, Raw",Import Quantity,1000 tonnes,593,580,721,697,482,9348
China,Asia,"Fish, Body Oil",Import Quantity,1000 tonnes,87,105,92,91,91,109
China,Asia,"Fish, Liver Oil",Import Quantity,1000 tonnes,0,0,1,1,1,7694
China,Asia,Eggs,Import Quantity,1000 tonnes,103,108,117,129,126,321
China,Asia,Milk - Excluding Butter,Import Quantity,1000 tonnes,3473,4920,5589,7260,9780,88
China,Asia,Freshwater Fish,Import Quantity,1000 tonnes,328,298,359,314,314,3073
China,Asia,Demersal Fish,Import Quantity,1000 tonnes,680,728,797,1546,1546,466
China,Asia,Pelagic Fish,Import Quantity,1000 tonnes,7640,6253,7186,7557,7557,3
China,Asia,"Marine Fish, Other",Import Quantity,1000 tonnes,1316,1542,1506,646,646,583
China,Asia,Crustaceans,Import Quantity,1000 tonnes,332,377,379,401,401,31022
China,Asia,Cephalopods,Import Quantity,1000 tonnes,302,308,368,456,456,1613
China,Asia,"Molluscs, Other",Import Quantity,1000 tonnes,496,696,849,313,313,5297
China,Asia,"Aquatic Animals, Others",Import Quantity,1000 tonnes,30,36,41,17,17,36193
China,Asia,Aquatic Plants,Import Quantity,1000 tonnes,119,163,207,17,17,5656
China,Asia,Infant food,Import Quantity,1000 tonnes,69,74,85,103,134,1890
China,Asia,Cereals - Excluding Beer,Import Quantity,1000 tonnes,10478,13583,12657,21332,21671,1890
China,Asia,Starchy Roots,Import Quantity,1000 tonnes,24729,23757,21526,28953,31671,2667
China,Asia,Sugar Crops,Import Quantity,1000 tonnes,2,1,1,1,929,141
China,Asia,Sugar & Sweeteners,Import Quantity,1000 tonnes,2138,2826,4038,4907,5694,523
China,Asia,Pulses,Import Quantity,1000 tonnes,498,754,867,1045,1181,465
China,Asia,Treenuts,Import Quantity,1000 tonnes,472,571,514,617,581,79721
China,Asia,Oilcrops,Import Quantity,1000 tonnes,49025,59929,57360,64997,70371,130636
China,Asia,Vegetable Oils,Import Quantity,1000 tonnes,11067,10169,9694,11836,11673,934
China,Asia,Vegetables,Import Quantity,1000 tonnes,1476,1500,1697,1906,1674,19603
China,Asia,Fruits - Excluding Wine,Import Quantity,1000 tonnes,4846,4973,5686,5610,5700,4345
China,Asia,Stimulants,Import Quantity,1000 tonnes,241,312,362,404,438,2755
China,Asia,Spices,Import Quantity,1000 tonnes,23,31,32,46,28,301682
China,Asia,Alcoholic Beverages,Import Quantity,1000 tonnes,670,823,976,1093,1154,54439
China,Asia,Meat,Import Quantity,1000 tonnes,3222,3309,3891,3692,4422,8253
China,Asia,Offals,Import Quantity,1000 tonnes,1323,1593,1728,1510,1540,26815
China,Asia,Animal fats,Import Quantity,1000 tonnes,745,752,899,891,663,1757
China,Asia,Eggs,Import Quantity,1000 tonnes,103,108,117,129,126,160
China,Asia,Milk - Excluding Butter,Import Quantity,1000 tonnes,3473,4920,5589,7260,9780,4716
China,Asia,"Fish, Seafood",Import Quantity,1000 tonnes,11096,10200,11445,11233,11233,18536
China,Asia,"Aquatic Products, Other",Import Quantity,1000 tonnes,149,199,249,34,34,7694
China,Asia,Miscellaneous,Import Quantity,1000 tonnes,69,74,85,103,134,3950
India,Asia,Wheat and products,Import Quantity,1000 tonnes,180,199,17,15,27,583
India,Asia,Rice (Milled Equivalent),Import Quantity,1000 tonnes,41,11,12,4,5,31022
India,Asia,Barley and products,Import Quantity,1000 tonnes,4,5,6,41,12,55207
India,Asia,Maize and products,Import Quantity,1000 tonnes,24,10,17,9,17,665
India,Asia,Rye and products,Import Quantity,1000 tonnes,0,0,0,0,0,465
India,Asia,Oats,Import Quantity,1000 tonnes,27,26,45,44,52,438
India,Asia,Millet and products,Import Quantity,1000 tonnes,0,1,0,0,0,73
India,Asia,Sorghum and products,Import Quantity,1000 tonnes,0,0,0,0,0,68
India,Asia,"Cereals, Other",Import Quantity,1000 tonnes,4,1,4,1,1,77
India,Asia,Cassava and products,Import Quantity,1000 tonnes,25,4,9,10,79,0
India,Asia,Potatoes and products,Import Quantity,1000 tonnes,19,18,22,23,24,194
India,Asia,Sweet potatoes,Import Quantity,1000 tonnes,0,0,0,0,0,1
India,Asia,"Roots, Other",Import Quantity,1000 tonnes,0,0,0,0,0,0
India,Asia,Sugar cane,Import Quantity,1000 tonnes,0,0,0,0,0,11
India,Asia,Sugar beet,Import Quantity,1000 tonnes,0,0,0,0,0,127
India,Asia,Sugar (Raw Equivalent),Import Quantity,1000 tonnes,2627,1226,115,788,1316,106
India,Asia,"Sweeteners, Other",Import Quantity,1000 tonnes,28,25,37,25,31,0
India,Asia,Honey,Import Quantity,1000 tonnes,1,2,1,1,0,0
India,Asia,Beans,Import Quantity,1000 tonnes,1031,495,631,789,886,0
India,Asia,Peas,Import Quantity,1000 tonnes,1656,1335,1867,1498,1230,0
India,Asia,"Pulses, Other and products",Import Quantity,1000 tonnes,1063,474,725,1529,1685,6072
India,Asia,Nuts and products,Import Quantity,1000 tonnes,888,585,988,1010,1064,146
India,Asia,Soyabeans,Import Quantity,1000 tonnes,0,0,1,1,1,5
India,Asia,Groundnuts (Shelled Eq),Import Quantity,1000 tonnes,0,1,1,0,1,3832
India,Asia,Sunflower seed,Import Quantity,1000 tonnes,0,0,0,1,1,7586
India,Asia,Rape and Mustardseed,Import Quantity,1000 tonnes,0,0,0,0,0,5476
India,Asia,Cottonseed,Import Quantity,1000 tonnes,0,0,0,0,0,4535
India,Asia,Coconuts - Incl Copra,Import Quantity,1000 tonnes,0,0,0,0,0,3
India,Asia,Sesame seed,Import Quantity,1000 tonnes,9,9,0,10,77,3
India,Asia,Palm kernels,Import Quantity,1000 tonnes,0,0,0,0,1,2
India,Asia,Olives (including preserved),Import Quantity,1000 tonnes,1,1,1,1,1,0
India,Asia,"Oilcrops, Other",Import Quantity,1000 tonnes,74,32,64,59,64,0
India,Asia,Soyabean Oil,Import Quantity,1000 tonnes,1101,924,939,1094,1108,0
India,Asia,Groundnut Oil,Import Quantity,1000 tonnes,0,0,0,0,0,105
India,Asia,Sunflowerseed Oil,Import Quantity,1000 tonnes,522,441,705,1072,1072,1
India,Asia,Rape and Mustard Oil,Import Quantity,1000 tonnes,44,0,12,107,42,5
India,Asia,Cottonseed Oil,Import Quantity,1000 tonnes,5,0,0,0,0,293
India,Asia,Palmkernel Oil,Import Quantity,1000 tonnes,243,122,142,163,309,5166
India,Asia,Palm Oil,Import Quantity,1000 tonnes,6459,4175,6226,7844,8568,0
India,Asia,Coconut Oil,Import Quantity,1000 tonnes,14,1,9,1,1,3812
India,Asia,Sesameseed Oil,Import Quantity,1000 tonnes,0,2,0,1,5,205
India,Asia,Olive Oil,Import Quantity,1000 tonnes,3,4,6,10,12,5
India,Asia,Ricebran Oil,Import Quantity,1000 tonnes,4,0,0,0,0,979
India,Asia,Maize Germ Oil,Import Quantity,1000 tonnes,0,0,0,0,0,33272
India,Asia,"Oilcrops Oil, Other",Import Quantity,1000 tonnes,18,9,31,30,41,26
India,Asia,Tomatoes and products,Import Quantity,1000 tonnes,11,16,21,23,21,8
India,Asia,Onions,Import Quantity,1000 tonnes,1,5,7,7,18,35
India,Asia,"Vegetables, Other",Import Quantity,1000 tonnes,12,10,21,24,17,4
India,Asia,"Oranges, Mandarines",Import Quantity,1000 tonnes,24,14,41,48,49,0
India,Asia,"Lemons, Limes and products",Import Quantity,1000 tonnes,9,5,8,6,9,129
India,Asia,Grapefruit and products,Import Quantity,1000 tonnes,1,0,1,1,0,92
India,Asia,"Citrus, Other",Import Quantity,1000 tonnes,7,5,23,3,4,38
India,Asia,Bananas,Import Quantity,1000 tonnes,0,0,0,0,0,84
India,Asia,Apples and products,Import Quantity,1000 tonnes,131,125,211,248,250,176
India,Asia,Pineapples and products,Import Quantity,1000 tonnes,4,3,5,6,4,37
India,Asia,Dates,Import Quantity,1000 tonnes,298,193,256,247,312,3
India,Asia,Grapes and products (excl wine),Import Quantity,1000 tonnes,41,27,27,30,54,42
India,Asia,"Fruits, Other",Import Quantity,1000 tonnes,69,62,75,61,97,0
India,Asia,Coffee and products,Import Quantity,1000 tonnes,41,31,52,62,65,965
India,Asia,Cocoa Beans and products,Import Quantity,1000 tonnes,27,23,47,61,42,22
India,Asia,Tea (including mate),Import Quantity,1000 tonnes,34,17,22,21,20,1306
India,Asia,Pepper,Import Quantity,1000 tonnes,17,12,14,16,16,179
India,Asia,Pimento,Import Quantity,1000 tonnes,2,1,2,2,1,364
India,Asia,Cloves,Import Quantity,1000 tonnes,15,6,13,11,11,251
India,Asia,"Spices, Other",Import Quantity,1000 tonnes,98,51,70,79,87,200
India,Asia,Wine,Import Quantity,1000 tonnes,2,2,4,4,4,114
India,Asia,Beer,Import Quantity,1000 tonnes,2,2,5,6,5,75
India,Asia,"Beverages, Fermented",Import Quantity,1000 tonnes,0,0,0,0,0,8
India,Asia,"Beverages, Alcoholic",Import Quantity,1000 tonnes,17,20,36,34,30,56
India,Asia,"Alcohol, Non-Food",Import Quantity,1000 tonnes,318,91,39,34,34,385
India,Asia,Bovine Meat,Import Quantity,1000 tonnes,0,0,0,0,0,16
India,Asia,Mutton & Goat Meat,Import Quantity,1000 tonnes,0,0,0,0,0,20
India,Asia,Pigmeat,Import Quantity,1000 tonnes,3,1,2,2,1,0
India,Asia,Poultry Meat,Import Quantity,1000 tonnes,0,0,0,0,0,137
India,Asia,"Meat, Other",Import Quantity,1000 tonnes,0,0,0,0,0,516
India,Asia,"Offals, Edible",Import Quantity,1000 tonnes,0,0,0,0,0,0
India,Asia,"Butter, Ghee",Import Quantity,1000 tonnes,22,16,1,7,1,0
India,Asia,Cream,Import Quantity,1000 tonnes,0,0,0,1,1,9
India,Asia,"Fats, Animals, Raw",Import Quantity,1000 tonnes,2,1,1,1,1,0
India,Asia,"Fish, Body Oil",Import Quantity,1000 tonnes,0,0,0,0,0,0
India,Asia,"Fish, Liver Oil",Import Quantity,1000 tonnes,0,0,0,0,0,0
India,Asia,Eggs,Import Quantity,1000 tonnes,0,0,0,0,0,47
India,Asia,Milk - Excluding Butter,Import Quantity,1000 tonnes,52,297,405,166,18,2
India,Asia,Freshwater Fish,Import Quantity,1000 tonnes,3,6,7,7,7,6
India,Asia,Demersal Fish,Import Quantity,1000 tonnes,0,0,0,0,0,0
India,Asia,Pelagic Fish,Import Quantity,1000 tonnes,55,20,21,21,21,0
India,Asia,"Marine Fish, Other",Import Quantity,1000 tonnes,6,12,19,19,19,0
India,Asia,Crustaceans,Import Quantity,1000 tonnes,1,1,1,1,1,938
India,Asia,Cephalopods,Import Quantity,1000 tonnes,2,2,1,1,1,30
India,Asia,"Molluscs, Other",Import Quantity,1000 tonnes,0,0,0,0,0,0
India,Asia,"Aquatic Animals, Others",Import Quantity,1000 tonnes,0,0,0,0,0,138
India,Asia,Aquatic Plants,Import Quantity,1000 tonnes,0,0,0,0,0,75
India,Asia,Infant food,Import Quantity,1000 tonnes,0,0,0,0,0,5
India,Asia,Cereals - Excluding Beer,Import Quantity,1000 tonnes,281,251,101,114,113,7
India,Asia,Starchy Roots,Import Quantity,1000 tonnes,43,22,31,34,103,0
India,Asia,Sugar Crops,Import Quantity,1000 tonnes,0,0,0,0,0,0
India,Asia,Sugar & Sweeteners,Import Quantity,1000 tonnes,2656,1254,152,815,1347,0
India,Asia,Pulses,Import Quantity,1000 tonnes,3750,2304,3222,3816,3801,0
India,Asia,Treenuts,Import Quantity,1000 tonnes,888,585,988,1010,1064,860
India,Asia,Oilcrops,Import Quantity,1000 tonnes,85,43,67,72,146,233
India,Asia,Vegetable Oils,Import Quantity,1000 tonnes,8412,5678,8069,10323,11159,0
India,Asia,Vegetables,Import Quantity,1000 tonnes,23,32,49,54,56,6224
India,Asia,Fruits - Excluding Wine,Import Quantity,1000 tonnes,585,434,646,651,779,16893
India,Asia,Stimulants,Import Quantity,1000 tonnes,102,71,121,144,127,4535
India,Asia,Spices,Import Quantity,1000 tonnes,132,70,99,108,115,413
India,Asia,Alcoholic Beverages,Import Quantity,1000 tonnes,340,116,84,78,72,43641
India,Asia,Meat,Import Quantity,1000 tonnes,3,2,2,2,1,214
India,Asia,Offals,Import Quantity,1000 tonnes,0,0,0,0,0,3095
India,Asia,Animal fats,Import Quantity,1000 tonnes,25,17,2,8,2,565
India,Asia,Eggs,Import Quantity,1000 tonnes,0,0,0,0,0,524
India,Asia,Milk - Excluding Butter,Import Quantity,1000 tonnes,52,297,405,166,18,690
India,Asia,"Fish, Seafood",Import Quantity,1000 tonnes,68,43,50,50,50,10
India,Asia,"Aquatic Products, Other",Import Quantity,1000 tonnes,0,0,0,0,0,0
India,Asia,Miscellaneous,Import Quantity,1000 tonnes,0,0,0,0,0,54
Russian Federation,Europe,Wheat and products,Import Quantity,1000 tonnes,300,328,450,720,1360,0
Russian Federation,Europe,Rice (Milled Equivalent),Import Quantity,1000 tonnes,265,231,196,211,256,938
Russian Federation,Europe,Barley and products,Import Quantity,1000 tonnes,126,225,508,736,489,261
Russian Federation,Europe,Maize and products,Import Quantity,1000 tonnes,93,91,169,111,115,0
Russian Federation,Europe,Rye and products,Import Quantity,1000 tonnes,33,94,98,32,51,0
Russian Federation,Europe,Oats,Import Quantity,1000 tonnes,8,14,18,17,22,3158
Russian Federation,Europe,Millet and products,Import Quantity,1000 tonnes,1,1,2,0,0,1159
Russian Federation,Europe,Sorghum and products,Import Quantity,1000 tonnes,1,1,2,1,2,2084
Russian Federation,Europe,"Cereals, Other",Import Quantity,1000 tonnes,3,5,14,3,3,579
Russian Federation,Europe,Cassava and products,Import Quantity,1000 tonnes,51,10,45,8,11,308
Russian Federation,Europe,Potatoes and products,Import Quantity,1000 tonnes,680,979,1760,725,734,79
Russian Federation,Europe,Sweet potatoes,Import Quantity,1000 tonnes,0,0,0,0,0,4
Russian Federation,Europe,Yams,Import Quantity,1000 tonnes,0,0,0,0,0,7
Russian Federation,Europe,"Roots, Other",Import Quantity,1000 tonnes,0,0,0,0,0,28
Russian Federation,Europe,Sugar cane,Import Quantity,1000 tonnes,0,0,0,0,0,125
Russian Federation,Europe,Sugar beet,Import Quantity,1000 tonnes,0,0,0,0,0,4878
Russian Federation,Europe,Sugar (Raw Equivalent),Import Quantity,1000 tonnes,1402,2244,2446,656,681,0
Russian Federation,Europe,"Sweeteners, Other",Import Quantity,1000 tonnes,92,130,120,129,163,0
Russian Federation,Europe,Honey,Import Quantity,1000 tonnes,2,5,5,3,1,0
Russian Federation,Europe,Beans,Import Quantity,1000 tonnes,31,32,26,18,22,0
Russian Federation,Europe,Peas,Import Quantity,1000 tonnes,11,10,12,8,9,0
Russian Federation,Europe,"Pulses, Other and products",Import Quantity,1000 tonnes,3,3,4,4,5,7429
Russian Federation,Europe,Nuts and products,Import Quantity,1000 tonnes,124,145,154,161,138,634
Russian Federation,Europe,Soyabeans,Import Quantity,1000 tonnes,964,1072,896,701,1153,16
Russian Federation,Europe,Groundnuts (Shelled Eq),Import Quantity,1000 tonnes,88,100,111,91,96,129
Russian Federation,Europe,Sunflower seed,Import Quantity,1000 tonnes,13,33,36,29,30,50
Russian Federation,Europe,Rape and Mustardseed,Import Quantity,1000 tonnes,5,6,6,7,7,19
Russian Federation,Europe,Cottonseed,Import Quantity,1000 tonnes,0,0,0,0,0,722
Russian Federation,Europe,Coconuts - Incl Copra,Import Quantity,1000 tonnes,39,48,64,57,63,4786
Russian Federation,Europe,Sesame seed,Import Quantity,1000 tonnes,5,6,8,9,9,486
Russian Federation,Europe,Olives (including preserved),Import Quantity,1000 tonnes,99,118,125,125,136,141
Russian Federation,Europe,"Oilcrops, Other",Import Quantity,1000 tonnes,15,14,16,15,23,31
Russian Federation,Europe,Soyabean Oil,Import Quantity,1000 tonnes,18,20,18,7,4,0
Russian Federation,Europe,Groundnut Oil,Import Quantity,1000 tonnes,0,0,0,0,0,271
Russian Federation,Europe,Sunflowerseed Oil,Import Quantity,1000 tonnes,61,144,119,37,37,37
Russian Federation,Europe,Rape and Mustard Oil,Import Quantity,1000 tonnes,0,1,1,1,1,603
Russian Federation,Europe,Cottonseed Oil,Import Quantity,1000 tonnes,0,0,0,0,0,83
Russian Federation,Europe,Palmkernel Oil,Import Quantity,1000 tonnes,56,45,33,43,55,67
Russian Federation,Europe,Palm Oil,Import Quantity,1000 tonnes,544,678,655,684,773,0
Russian Federation,Europe,Coconut Oil,Import Quantity,1000 tonnes,88,92,56,40,42,398
Russian Federation,Europe,Sesameseed Oil,Import Quantity,1000 tonnes,0,0,0,1,1,4
Russian Federation,Europe,Olive Oil,Import Quantity,1000 tonnes,17,27,29,32,32,0
Russian Federation,Europe,Maize Germ Oil,Import Quantity,1000 tonnes,3,5,3,4,3,232
Russian Federation,Europe,"Oilcrops Oil, Other",Import Quantity,1000 tonnes,79,89,100,92,96,3334
Russian Federation,Europe,Tomatoes and products,Import Quantity,1000 tonnes,1236,1213,1263,1356,1360,318
Russian Federation,Europe,Onions,Import Quantity,1000 tonnes,377,583,453,230,244,2
Russian Federation,Europe,"Vegetables, Other",Import Quantity,1000 tonnes,1734,1847,2003,1716,1934,137
Russian Federation,Europe,"Oranges, Mandarines",Import Quantity,1000 tonnes,1167,1380,1510,1569,1633,18
Russian Federation,Europe,"Lemons, Limes and products",Import Quantity,1000 tonnes,209,215,227,203,210,456
Russian Federation,Europe,Grapefruit and products,Import Quantity,1000 tonnes,140,173,173,175,192,6428
Russian Federation,Europe,"Citrus, Other",Import Quantity,1000 tonnes,9,14,15,18,21,1887
Russian Federation,Europe,Bananas,Import Quantity,1000 tonnes,981,1068,1307,1260,1339,9234
Russian Federation,Europe,Plantains,Import Quantity,1000 tonnes,0,0,0,0,0,7259
Russian Federation,Europe,Apples and products,Import Quantity,1000 tonnes,1953,2336,2213,2357,2312,1064
Russian Federation,Europe,Pineapples and products,Import Quantity,1000 tonnes,137,175,181,150,165,853
Russian Federation,Europe,Dates,Import Quantity,1000 tonnes,16,21,20,20,21,77
Russian Federation,Europe,Grapes and products (excl wine),Import Quantity,1000 tonnes,786,704,606,594,553,5955
Russian Federation,Europe,"Fruits, Other",Import Quantity,1000 tonnes,1903,2182,1973,1943,1920,0
Russian Federation,Europe,Coffee and products,Import Quantity,1000 tonnes,233,285,305,298,313,11171
Russian Federation,Europe,Cocoa Beans and products,Import Quantity,1000 tonnes,250,273,278,285,292,808
Russian Federation,Europe,Tea (including mate),Import Quantity,1000 tonnes,185,185,191,183,176,98
Russian Federation,Europe,Pepper,Import Quantity,1000 tonnes,9,10,9,10,10,3243
Russian Federation,Europe,Pimento,Import Quantity,1000 tonnes,6,7,6,7,6,9921
Russian Federation,Europe,Cloves,Import Quantity,1000 tonnes,0,0,0,0,0,1434
Russian Federation,Europe,"Spices, Other",Import Quantity,1000 tonnes,7,8,9,11,15,1378
Russian Federation,Europe,Wine,Import Quantity,1000 tonnes,509,735,726,707,734,920
Russian Federation,Europe,Beer,Import Quantity,1000 tonnes,333,303,315,379,324,48
Russian Federation,Europe,"Beverages, Fermented",Import Quantity,1000 tonnes,20,28,41,46,61,32
Russian Federation,Europe,"Beverages, Alcoholic",Import Quantity,1000 tonnes,196,248,260,309,312,0
Russian Federation,Europe,"Alcohol, Non-Food",Import Quantity,1000 tonnes,0,0,0,0,0,50
Russian Federation,Europe,Bovine Meat,Import Quantity,1000 tonnes,773,747,716,815,807,3411
Russian Federation,Europe,Mutton & Goat Meat,Import Quantity,1000 tonnes,10,9,10,10,10,1654
Russian Federation,Europe,Pigmeat,Import Quantity,1000 tonnes,731,832,889,1030,919,196
Russian Federation,Europe,Poultry Meat,Import Quantity,1000 tonnes,972,659,434,543,530,1325
Russian Federation,Europe,"Meat, Other",Import Quantity,1000 tonnes,33,31,27,31,21,0
Russian Federation,Europe,"Offals, Edible",Import Quantity,1000 tonnes,312,302,297,284,211,3858
Russian Federation,Europe,"Butter, Ghee",Import Quantity,1000 tonnes,62,78,77,118,144,49
Russian Federation,Europe,Cream,Import Quantity,1000 tonnes,7,16,12,21,38,4401
Russian Federation,Europe,"Fats, Animals, Raw",Import Quantity,1000 tonnes,316,341,348,368,338,3138
Russian Federation,Europe,"Fish, Body Oil",Import Quantity,1000 tonnes,1,1,0,1,1,143
Russian Federation,Europe,"Fish, Liver Oil",Import Quantity,1000 tonnes,0,0,0,0,0,1406
Russian Federation,Europe,Eggs,Import Quantity,1000 tonnes,18,23,27,65,71,479
Russian Federation,Europe,Milk - Excluding Butter,Import Quantity,1000 tonnes,2415,3588,3044,4151,5004,94
Russian Federation,Europe,Freshwater Fish,Import Quantity,1000 tonnes,332,265,271,343,358,1711
Russian Federation,Europe,Demersal Fish,Import Quantity,1000 tonnes,147,127,139,153,152,4
Russian Federation,Europe,Pelagic Fish,Import Quantity,1000 tonnes,972,964,820,817,835,0
Russian Federation,Europe,Crustaceans,Import Quantity,1000 tonnes,65,76,78,76,87,204
Russian Federation,Europe,Cephalopods,Import Quantity,1000 tonnes,13,13,17,26,35,18202
Russian Federation,Europe,"Molluscs, Other",Import Quantity,1000 tonnes,42,59,61,67,68,1569
Russian Federation,Europe,"Aquatic Animals, Others",Import Quantity,1000 tonnes,7,12,14,1,0,718
Russian Federation,Europe,Aquatic Plants,Import Quantity,1000 tonnes,3,5,6,3,4,4408
Russian Federation,Europe,Infant food,Import Quantity,1000 tonnes,29,32,33,42,46,382
Russian Federation,Europe,Cereals - Excluding Beer,Import Quantity,1000 tonnes,830,989,1456,1831,2297,104
Russian Federation,Europe,Starchy Roots,Import Quantity,1000 tonnes,731,989,1805,732,745,297
Russian Federation,Europe,Sugar Crops,Import Quantity,1000 tonnes,0,0,0,0,0,34
Russian Federation,Europe,Sugar & Sweeteners,Import Quantity,1000 tonnes,1496,2380,2571,787,846,21
Russian Federation,Europe,Pulses,Import Quantity,1000 tonnes,44,46,43,30,36,182
Russian Federation,Europe,Treenuts,Import Quantity,1000 tonnes,124,145,154,161,138,7403
Russian Federation,Europe,Oilcrops,Import Quantity,1000 tonnes,1228,1397,1261,1034,1517,5002
Russian Federation,Europe,Vegetable Oils,Import Quantity,1000 tonnes,867,1101,1015,939,1044,0
Russian Federation,Europe,Vegetables,Import Quantity,1000 tonnes,3347,3643,3719,3301,3538,8080
Russian Federation,Europe,Fruits - Excluding Wine,Import Quantity,1000 tonnes,7301,8268,8223,8288,8367,199
Russian Federation,Europe,Stimulants,Import Quantity,1000 tonnes,668,743,775,766,780,722
Russian Federation,Europe,Spices,Import Quantity,1000 tonnes,23,26,24,28,31,6437
Russian Federation,Europe,Alcoholic Beverages,Import Quantity,1000 tonnes,1058,1314,1342,1441,1431,4966
Russian Federation,Europe,Meat,Import Quantity,1000 tonnes,2518,2278,2075,2429,2286,17548
Russian Federation,Europe,Offals,Import Quantity,1000 tonnes,312,302,297,284,211,40447
Russian Federation,Europe,Animal fats,Import Quantity,1000 tonnes,385,437,437,508,521,3732
Russian Federation,Europe,Eggs,Import Quantity,1000 tonnes,18,23,27,65,71,132
Russian Federation,Europe,Milk - Excluding Butter,Import Quantity,1000 tonnes,2415,3588,3044,4151,5004,6586
Russian Federation,Europe,"Fish, Seafood",Import Quantity,1000 tonnes,1571,1504,1386,1481,1535,11586
Russian Federation,Europe,"Aquatic Products, Other",Import Quantity,1000 tonnes,10,17,19,4,4,1406
Russian Federation,Europe,Miscellaneous,Import Quantity,1000 tonnes,29,32,33,42,46,2288
United States of America,Americas,Wheat and products,Import Quantity,1000 tonnes,4313,4335,3945,4508,5491,204
United States of America,Americas,Rice (Milled Equivalent),Import Quantity,1000 tonnes,906,819,879,885,923,18202
United States of America,Americas,Barley and products,Import Quantity,1000 tonnes,964,757,685,1013,864,7477
United States of America,Americas,Maize and products,Import Quantity,1000 tonnes,479,572,837,2051,3595,54
United States of America,Americas,Rye and products,Import Quantity,1000 tonnes,123,123,174,179,235,182
United States of America,Americas,Oats,Import Quantity,1000 tonnes,1958,1916,1951,1971,1851,22592
United States of America,Americas,Millet and products,Import Quantity,1000 tonnes,1,1,1,3,21,4412
United States of America,Americas,Sorghum and products,Import Quantity,1000 tonnes,0,0,1,30,216,4283
United States of America,Americas,"Cereals, Other",Import Quantity,1000 tonnes,221,236,258,262,281,7534
United States of America,Americas,Cassava and products,Import Quantity,1000 tonnes,330,367,379,573,588,834
United States of America,Americas,Potatoes and products,Import Quantity,1000 tonnes,2976,2884,3016,3117,3157,9647
United States of America,Americas,Sweet potatoes,Import Quantity,1000 tonnes,11,10,11,12,15,27
United States of America,Americas,Yams,Import Quantity,1000 tonnes,34,35,36,35,37,247
United States of America,Americas,"Roots, Other",Import Quantity,1000 tonnes,186,261,308,459,415,1258
United States of America,Americas,Sugar cane,Import Quantity,1000 tonnes,34,49,41,12,12,2237
United States of America,Americas,Sugar beet,Import Quantity,1000 tonnes,0,0,195,247,63,15150
United States of America,Americas,Sugar (Raw Equivalent),Import Quantity,1000 tonnes,2812,3243,3816,3375,3283,59
United States of America,Americas,"Sweeteners, Other",Import Quantity,1000 tonnes,561,626,661,723,738,177
United States of America,Americas,Honey,Import Quantity,1000 tonnes,95,114,130,141,153,1629
United States of America,Americas,Beans,Import Quantity,1000 tonnes,155,142,172,168,135,148
United States of America,Americas,Peas,Import Quantity,1000 tonnes,45,40,64,69,146,505
United States of America,Americas,"Pulses, Other and products",Import Quantity,1000 tonnes,66,71,97,110,99,16529
United States of America,Americas,Nuts and products,Import Quantity,1000 tonnes,676,698,614,652,778,3309
United States of America,Americas,Soyabeans,Import Quantity,1000 tonnes,434,464,389,529,1267,633
United States of America,Americas,Groundnuts (Shelled Eq),Import Quantity,1000 tonnes,34,34,47,91,43,772
United States of America,Americas,Sunflower seed,Import Quantity,1000 tonnes,55,38,43,41,51,364
United States of America,Americas,Rape and Mustardseed,Import Quantity,1000 tonnes,647,634,760,507,672,443
United States of America,Americas,Cottonseed,Import Quantity,1000 tonnes,23,2,45,127,181,3418
United States of America,Americas,Coconuts - Incl Copra,Import Quantity,1000 tonnes,213,221,254,262,242,3083
United States of America,Americas,Sesame seed,Import Quantity,1000 tonnes,36,37,37,35,34,249
United States of America,Americas,Palm kernels,Import Quantity,1000 tonnes,0,0,0,0,0,228
United States of America,Americas,Olives (including preserved),Import Quantity,1000 tonnes,136,180,134,143,145,3220
United States of America,Americas,"Oilcrops, Other",Import Quantity,1000 tonnes,223,262,280,279,263,378
United States of America,Americas,Soyabean Oil,Import Quantity,1000 tonnes,51,219,246,244,337,1192
United States of America,Americas,Groundnut Oil,Import Quantity,1000 tonnes,36,30,20,10,23,179
United States of America,Americas,Sunflowerseed Oil,Import Quantity,1000 tonnes,21,24,59,76,28,0
United States of America,Americas,Rape and Mustard Oil,Import Quantity,1000 tonnes,1004,1087,1519,1431,1272,738
United States of America,Americas,Cottonseed Oil,Import Quantity,1000 tonnes,1,1,6,9,16,1307
United States of America,Americas,Palmkernel Oil,Import Quantity,1000 tonnes,313,309,322,258,292,1097
United States of America,Americas,Palm Oil,Import Quantity,1000 tonnes,1094,955,1112,1026,1413,119
United States of America,Americas,Coconut Oil,Import Quantity,1000 tonnes,487,577,505,515,559,208
United States of America,Americas,Sesameseed Oil,Import Quantity,1000 tonnes,12,14,12,13,13,6313
United States of America,Americas,Olive Oil,Import Quantity,1000 tonnes,277,278,293,323,291,33
United States of America,Americas,Maize Germ Oil,Import Quantity,1000 tonnes,24,17,28,27,29,1494
United States of America,Americas,"Oilcrops Oil, Other",Import Quantity,1000 tonnes,243,287,303,299,344,5600
United States of America,Americas,Tomatoes and products,Import Quantity,1000 tonnes,1324,1648,1540,1581,1586,2643
United States of America,Americas,Onions,Import Quantity,1000 tonnes,309,391,394,385,437,64
United States of America,Americas,"Vegetables, Other",Import Quantity,1000 tonnes,5729,6098,6437,6558,6944,1462
United States of America,Americas,"Oranges, Mandarines",Import Quantity,1000 tonnes,2447,3428,3558,1832,2367,125
United States of America,Americas,"Lemons, Limes and products",Import Quantity,1000 tonnes,1470,1453,1971,2550,2411,1476
United States of America,Americas,Grapefruit and products,Import Quantity,1000 tonnes,27,16,12,10,23,7679
United States of America,Americas,"Citrus, Other",Import Quantity,1000 tonnes,0,0,1,1,159,1916
United States of America,Americas,Bananas,Import Quantity,1000 tonnes,3587,4122,4131,4363,4565,31766
United States of America,Americas,Plantains,Import Quantity,1000 tonnes,271,264,270,292,308,13632
United States of America,Americas,Apples and products,Import Quantity,1000 tonnes,4617,4763,1969,1900,2011,9855
United States of America,Americas,Pineapples and products,Import Quantity,1000 tonnes,2090,1922,1983,1918,2049,88
United States of America,Americas,Dates,Import Quantity,1000 tonnes,16,12,21,23,24,161
United States of America,Americas,Grapes and products (excl wine),Import Quantity,1000 tonnes,901,884,937,856,897,20768
United States of America,Americas,"Fruits, Other",Import Quantity,1000 tonnes,3733,2391,2763,4495,4683,1405
United States of America,Americas,Coffee and products,Import Quantity,1000 tonnes,1429,1482,1585,1584,1638,15260
United States of America,Americas,Cocoa Beans and products,Import Quantity,1000 tonnes,1084,1106,1163,1103,1126,9962
United States of America,Americas,Tea (including mate),Import Quantity,1000 tonnes,189,203,202,202,206,96
United States of America,Americas,Pepper,Import Quantity,1000 tonnes,66,70,68,62,72,4475
United States of America,Americas,Pimento,Import Quantity,1000 tonnes,105,105,110,120,115,18065
United States of America,Americas,Cloves,Import Quantity,1000 tonnes,1,1,1,2,2,7718
United States of America,Americas,"Spices, Other",Import Quantity,1000 tonnes,112,124,137,142,149,5582
United States of America,Americas,Wine,Import Quantity,1000 tonnes,936,947,1024,1179,1109,1002
United States of America,Americas,Beer,Import Quantity,1000 tonnes,3037,3185,3208,3252,3232,338
United States of America,Americas,"Beverages, Fermented",Import Quantity,1000 tonnes,22,28,35,38,50,555
United States of America,Americas,"Beverages, Alcoholic",Import Quantity,1000 tonnes,765,1017,741,685,696,7
United States of America,Americas,"Alcohol, Non-Food",Import Quantity,1000 tonnes,1102,497,1152,2536,2050,664
United States of America,Americas,Bovine Meat,Import Quantity,1000 tonnes,1277,1135,1017,1096,1113,5195
United States of America,Americas,Mutton & Goat Meat,Import Quantity,1000 tonnes,81,81,82,79,85,15914
United States of America,Americas,Pigmeat,Import Quantity,1000 tonnes,455,473,451,451,493,173
United States of America,Americas,Poultry Meat,Import Quantity,1000 tonnes,78,85,85,93,101,3904
United States of America,Americas,"Meat, Other",Import Quantity,1000 tonnes,8,8,9,9,9,7337
United States of America,Americas,"Offals, Edible",Import Quantity,1000 tonnes,51,51,53,57,65,5638
United States of America,Americas,"Butter, Ghee",Import Quantity,1000 tonnes,28,20,14,18,15,408
United States of America,Americas,Cream,Import Quantity,1000 tonnes,10,7,4,4,6,2323
United States of America,Americas,"Fats, Animals, Raw",Import Quantity,1000 tonnes,75,81,98,126,115,442
United States of America,Americas,"Fish, Body Oil",Import Quantity,1000 tonnes,14,19,20,21,22,43
United States of America,Americas,"Fish, Liver Oil",Import Quantity,1000 tonnes,2,2,2,2,2,277
United States of America,Americas,Eggs,Import Quantity,1000 tonnes,6,8,8,10,11,95
United States of America,Americas,Milk - Excluding Butter,Import Quantity,1000 tonnes,3526,2964,3532,5514,5235,31
United States of America,Americas,Freshwater Fish,Import Quantity,1000 tonnes,1026,1099,1139,1344,1429,495
United States of America,Americas,Demersal Fish,Import Quantity,1000 tonnes,937,935,942,843,853,96
United States of America,Americas,Pelagic Fish,Import Quantity,1000 tonnes,730,811,754,769,741,10
United States of America,Americas,Crustaceans,Import Quantity,1000 tonnes,1597,1638,1603,1513,1490,43
United States of America,Americas,Cephalopods,Import Quantity,1000 tonnes,76,84,89,94,91,20771
United States of America,Americas,"Molluscs, Other",Import Quantity,1000 tonnes,437,449,496,369,430,6037
United States of America,Americas,"Aquatic Animals, Others",Import Quantity,1000 tonnes,2,2,3,28,27,4510
United States of America,Americas,Aquatic Plants,Import Quantity,1000 tonnes,28,30,33,29,32,3805
United States of America,Americas,Infant food,Import Quantity,1000 tonnes,2,1,1,1,2,7841
United States of America,Americas,Cereals - Excluding Beer,Import Quantity,1000 tonnes,8965,8759,8732,10902,13477,434
United States of America,Americas,Starchy Roots,Import Quantity,1000 tonnes,3536,3557,3749,4196,4212,2181
United States of America,Americas,Sugar Crops,Import Quantity,1000 tonnes,34,49,236,259,76,62
United States of America,Americas,Sugar & Sweeteners,Import Quantity,1000 tonnes,3468,3984,4608,4239,4174,152
United States of America,Americas,Pulses,Import Quantity,1000 tonnes,266,252,333,347,380,7
United States of America,Americas,Treenuts,Import Quantity,1000 tonnes,676,698,614,652,778,50835
United States of America,Americas,Oilcrops,Import Quantity,1000 tonnes,1801,1871,1988,2014,2897,19250
United States of America,Americas,Vegetable Oils,Import Quantity,1000 tonnes,3562,3796,4425,4233,4616,654
United States of America,Americas,Vegetables,Import Quantity,1000 tonnes,7362,8137,8371,8525,8967,20473
United States of America,Americas,Fruits - Excluding Wine,Import Quantity,1000 tonnes,19161,19256,17616,18239,19496,1578
United States of America,Americas,Stimulants,Import Quantity,1000 tonnes,2702,2791,2951,2889,2970,3418
United States of America,Americas,Spices,Import Quantity,1000 tonnes,284,300,316,326,338,10571
United States of America,Americas,Alcoholic Beverages,Import Quantity,1000 tonnes,5862,5675,6160,7691,7136,20632
United States of America,Americas,Meat,Import Quantity,1000 tonnes,1898,1782,1642,1727,1801,41362
United States of America,Americas,Offals,Import Quantity,1000 tonnes,51,51,53,57,65,93768
United States of America,Americas,Animal fats,Import Quantity,1000 tonnes,127,128,138,172,160,14303
United States of America,Americas,Eggs,Import Quantity,1000 tonnes,6,8,8,10,11,1564
United States of America,Americas,Milk - Excluding Butter,Import Quantity,1000 tonnes,3526,2964,3532,5514,5235,32524
United States of America,Americas,"Fish, Seafood",Import Quantity,1000 tonnes,4804,5016,5022,4933,5033,8850
United States of America,Americas,"Aquatic Products, Other",Import Quantity,1000 tonnes,29,32,35,56,59,277
United States of America,Americas,Miscellaneous,Import Quantity,1000 tonnes,2,1,1,1,2,725
United States of America,Americas,Cereals - Excluding Beer,Export Quantity,1000 tonnes,79903,89573,88519,65911,66303,43
United States of America,Americas,Maize and products,Export Quantity,1000 tonnes,48496,51551,46456,32130,24655,20771
United States of America,Americas,Oilcrops,Export Quantity,1000 tonnes,43157,44915,36910,49026,44073,24808
United States of America,Americas,Soyabeans,Export Quantity,1000 tonnes,40513,42358,34319,43868,39184,211
United States of America,Americas,Wheat and products,Export Quantity,1000 tonnes,23303,29089,34369,27305,34691,7
Brazil,Americas,Oilcrops,Export Quantity,1000 tonnes,28697,29134,33088,32547,42893,390209
Brazil,Americas,Soyabeans,Export Quantity,1000 tonnes,28563,29073,32986,32468,42797,203288
Brazil,Americas,Sugar & Sweeteners,Export Quantity,1000 tonnes,25014,28751,25964,24572,27756,218081
Brazil,Americas,Sugar (Raw Equivalent),Export Quantity,1000 tonnes,24961,28698,25894,24529,27728,200242
Russian Federation,Europe,Cereals - Excluding Beer,Export Quantity,1000 tonnes,22539,14177,19347,22937,19559,148757
Brazil,Americas,Fruits - Excluding Wine,Export Quantity,1000 tonnes,9482,8432,8164,11858,13049,166359
Brazil,Americas,"Oranges, Mandarines",Export Quantity,1000 tonnes,8496,7455,7290,10990,12213,165887
Russian Federation,Europe,Wheat and products,Export Quantity,1000 tonnes,17461,12160,16209,16515,14243,132057
China,Asia,Vegetables,Export Quantity,1000 tonnes,10741,12165,13684,12681,12919,131810
Brazil,Americas,Cereals - Excluding Beer,Export Quantity,1000 tonnes,9005,12765,13335,23513,28923,98559
India,Asia,Cereals - Excluding Beer,Export Quantity,1000 tonnes,5326,5156,10213,20503,24547,50985
China,Asia,Cereals - Excluding Beer,Export Quantity,1000 tonnes,2908,2982,2751,2461,2284,46444
Brazil,Americas,Maize and products,Export Quantity,1000 tonnes,7934,10930,9619,19939,26780,76588
United States of America,Americas,Fruits - Excluding Wine,Export Quantity,1000 tonnes,7400,7719,8468,7817,8135,62190
China,Asia,"Fish, Seafood",Export Quantity,1000 tonnes,7229,8385,9294,8082,8082,87541
China,Asia,"Vegetables, Other",Export Quantity,1000 tonnes,6996,7458,8467,7752,8193,65745
United States of America,Americas,Meat,Export Quantity,1000 tonnes,6696,6773,7636,7713,7630,13386
China,Asia,Fruits - Excluding Wine,Export Quantity,1000 tonnes,7083,6999,6872,6800,7980,75202
United States of America,Americas,Milk - Excluding Butter,Export Quantity,1000 tonnes,4650,7005,8317,8730,10756,39539
United States of America,Americas,Milk - Excluding Butter,Export Quantity,1000 tonnes,4650,7005,8317,8730,10756,41072
China,Asia,Maize and products,Export Quantity,1000 tonnes,649,784,543,447,252,38866
Brazil,Americas,Meat,Export Quantity,1000 tonnes,6164,6208,6048,6318,6529,36448
United States of America,Americas,Sorghum and products,Export Quantity,1000 tonnes,3751,3878,3363,1961,2515,35734
India,Asia,Rice (Milled Equivalent),Export Quantity,1000 tonnes,2181,2264,5045,10501,11337,39458
United States of America,Americas,Vegetables,Export Quantity,1000 tonnes,4265,4498,5057,5094,5538,39458
United States of America,Americas,Rice (Milled Equivalent),Export Quantity,1000 tonnes,3362,4112,3482,3576,3522,2675
United States of America,Americas,Poultry Meat,Export Quantity,1000 tonnes,3868,3692,3888,4066,4086,31267
United States of America,Americas,"Vegetables, Other",Export Quantity,1000 tonnes,2875,3025,3199,3279,3276,15468
Brazil,Americas,Poultry Meat,Export Quantity,1000 tonnes,3636,3819,3920,3942,3902,31328
China,Asia,Tomatoes and products,Export Quantity,1000 tonnes,3218,4061,4472,4308,3981,24452
United States of America,Americas,Vegetable Oils,Export Quantity,1000 tonnes,3032,3625,2879,3050,2560,18054
United States of America,Americas,Starchy Roots,Export Quantity,1000 tonnes,2610,2742,3161,3380,3441,19600
United States of America,Americas,Potatoes and products,Export Quantity,1000 tonnes,2529,2632,3036,3239,3273,15654
China,Asia,Apples and products,Export Quantity,1000 tonnes,2475,2972,3391,3398,3918,19219
Brazil,Americas,Vegetable Oils,Export Quantity,1000 tonnes,1781,1754,2005,1998,1628,20040
United States of America,Americas,"Fish, Seafood",Export Quantity,1000 tonnes,1937,2046,2554,2533,2631,15146
China,Asia,"Marine Fish, Other",Export Quantity,1000 tonnes,2391,2577,2943,1908,1908,15334
India,Asia,Wheat and products,Export Quantity,1000 tonnes,146,158,784,5040,7168,14709
Brazil,Americas,Soyabean Oil,Export Quantity,1000 tonnes,1611,1579,1767,1770,1381,16154
Russian Federation,Europe,Barley and products,Export Quantity,1000 tonnes,3563,1578,2097,3453,2361,9166
India,Asia,Maize and products,Export Quantity,1000 tonnes,2673,2376,4129,4537,5119,11701
United States of America,Americas,Alcoholic Beverages,Export Quantity,1000 tonnes,1492,2532,4184,4106,3723,11727
United States of America,Americas,Sugar & Sweeteners,Export Quantity,1000 tonnes,1849,3053,3419,3393,3078,13296
Brazil,Americas,Stimulants,Export Quantity,1000 tonnes,1978,2167,2186,1883,2083,8108
United States of America,Americas,"Oranges, Mandarines",Export Quantity,1000 tonnes,1597,2514,3123,2032,2025,13052
Brazil,Americas,Alcoholic Beverages,Export Quantity,1000 tonnes,2766,1615,1682,2610,2480,18834
India,Asia,Sugar & Sweeteners,Export Quantity,1000 tonnes,166,1516,3054,3865,2330,16037
United States of America,Americas,"Oilcrops, Other",Export Quantity,1000 tonnes,1761,1548,1744,4353,3869,14792
United States of America,Americas,"Fruits, Other",Export Quantity,1000 tonnes,2047,1680,1799,2388,2336,10297
Brazil,Americas,"Alcohol, Non-Food",Export Quantity,1000 tonnes,2647,1524,1574,2479,2322,11291
China,Asia,"Fruits, Other",Export Quantity,1000 tonnes,2750,2381,1784,1692,2388,11153
India,Asia,Sugar (Raw Equivalent),Export Quantity,1000 tonnes,78,1418,2930,3691,2138,10931
Brazil,Americas,Coffee and products,Export Quantity,1000 tonnes,1859,2045,2053,1760,1957,13275
Russian Federation,Europe,"Fish, Seafood",Export Quantity,1000 tonnes,1679,2019,2155,2096,2330,10250
India,Asia,Vegetables,Export Quantity,1000 tonnes,2514,2203,2251,2594,2546,10546
China,Asia,Meat,Export Quantity,1000 tonnes,1517,1880,2044,1765,1959,10995
United States of America,Americas,Animal fats,Export Quantity,1000 tonnes,1564,1795,1642,1173,1116,10255
United States of America,Americas,"Sweeteners, Other",Export Quantity,1000 tonnes,1620,2677,2987,3093,2731,9674
China,Asia,"Molluscs, Other",Export Quantity,1000 tonnes,1718,1983,2286,1070,1070,10279
United States of America,Americas,"Fats, Animals, Raw",Export Quantity,1000 tonnes,1469,1633,1483,1072,943,12108
Brazil,Americas,Bovine Meat,Export Quantity,1000 tonnes,1648,1596,1373,1554,1868,9165
United States of America,Americas,Pigmeat,Export Quantity,1000 tonnes,1916,1962,2391,2453,2289,7290
China,Asia,Rice (Milled Equivalent),Export Quantity,1000 tonnes,828,660,556,353,565,13108
China,Asia,Wheat and products,Export Quantity,1000 tonnes,672,725,822,812,713,8127
United States of America,Americas,Apples and products,Export Quantity,1000 tonnes,1341,1020,1005,1015,1051,6600
China,Asia,Oilcrops,Export Quantity,1000 tonnes,1198,977,1037,1151,1014,8039
Russian Federation,Europe,Demersal Fish,Export Quantity,1000 tonnes,1107,1348,1399,1329,1436,11011
United States of America,Americas,Nuts and products,Export Quantity,1000 tonnes,1402,1418,1584,1684,1715,2962
United States of America,Americas,Treenuts,Export Quantity,1000 tonnes,1402,1418,1584,1684,1715,3744
United States of America,Americas,Grapes and products (excl wine),Export Quantity,1000 tonnes,1142,1194,1197,1073,1200,5432
United States of America,Americas,Soyabean Oil,Export Quantity,1000 tonnes,1281,1956,1179,1123,1024,5377
United States of America,Americas,Demersal Fish,Export Quantity,1000 tonnes,943,1010,1414,1210,1282,6619
India,Asia,Onions,Export Quantity,1000 tonnes,1677,1364,1110,1528,1477,7803
China,Asia,Poultry Meat,Export Quantity,1000 tonnes,884,1221,1412,1193,1377,7803
China,Asia,Sugar & Sweeteners,Export Quantity,1000 tonnes,1115,1444,1547,1547,1788,5806
China,Asia,Starchy Roots,Export Quantity,1000 tonnes,1013,943,1092,1084,883,6563
United States of America,Americas,Bovine Meat,Export Quantity,1000 tonnes,900,1104,1341,1182,1245,5859
United States of America,Americas,Tomatoes and products,Export Quantity,1000 tonnes,1106,1113,1501,1483,1905,7156
United States of America,Americas,"Alcohol, Non-Food",Export Quantity,1000 tonnes,492,1555,3149,2906,2420,6087
China,Asia,Pelagic Fish,Export Quantity,1000 tonnes,904,1014,1336,1350,1350,7441
China,Asia,Crustaceans,Export Quantity,1000 tonnes,913,1283,1238,1077,1077,5015
United States of America,Americas,Barley and products,Export Quantity,1000 tonnes,735,694,604,733,696,5772
United States of America,Americas,Grapefruit and products,Export Quantity,1000 tonnes,464,529,541,463,469,7108
China,Asia,Pulses,Export Quantity,1000 tonnes,1100,1004,996,988,845,10522
United States of America,Americas,Pulses,Export Quantity,1000 tonnes,1156,1235,995,1171,1206,5954
China,Asia,Beans,Export Quantity,1000 tonnes,1047,952,950,944,801,5588
Brazil,Americas,Wheat and products,Export Quantity,1000 tonnes,473,1397,2424,2485,1288,3462
India,Asia,Oilcrops,Export Quantity,1000 tonnes,815,913,1475,1278,1435,2466
India,Asia,"Fish, Seafood",Export Quantity,1000 tonnes,833,942,1037,1037,1037,4933
Brazil,Americas,Pigmeat,Export Quantity,1000 tonnes,871,788,753,819,757,5763
India,Asia,Milk - Excluding Butter,Export Quantity,1000 tonnes,538,621,186,745,2175,4694
India,Asia,Milk - Excluding Butter,Export Quantity,1000 tonnes,538,621,186,745,2175,8067
India,Asia,Fruits - Excluding Wine,Export Quantity,1000 tonnes,887,853,871,1029,1143,5916
China,Asia,"Oranges, Mandarines",Export Quantity,1000 tonnes,1178,1023,996,1070,994,4886
Russian Federation,Europe,Vegetable Oils,Export Quantity,1000 tonnes,1019,713,806,1885,1946,3988
India,Asia,Meat,Export Quantity,1000 tonnes,612,797,1067,1058,1589,4265
China,Asia,Groundnuts (Shelled Eq),Export Quantity,1000 tonnes,550,499,476,442,417,4265
India,Asia,Bovine Meat,Export Quantity,1000 tonnes,555,775,1043,1039,1559,4783
India,Asia,"Vegetables, Other",Export Quantity,1000 tonnes,731,770,910,893,839,5261
Russian Federation,Europe,Milk - Excluding Butter,Export Quantity,1000 tonnes,352,261,232,337,345,6369
Russian Federation,Europe,Milk - Excluding Butter,Export Quantity,1000 tonnes,352,261,232,337,345,5123
United States of America,Americas,Pelagic Fish,Export Quantity,1000 tonnes,464,435,451,687,646,2384
China,Asia,Freshwater Fish,Export Quantity,1000 tonnes,707,842,782,1078,1078,4971
United States of America,Americas,"Offals, Edible",Export Quantity,1000 tonnes,603,670,745,658,664,4143
United States of America,Americas,Offals,Export Quantity,1000 tonnes,603,670,745,658,664,1527
China,Asia,Potatoes and products,Export Quantity,1000 tonnes,572,443,552,514,441,1527
Russian Federation,Europe,Maize and products,Export Quantity,1000 tonnes,1360,232,725,2213,2619,2683
China,Asia,Onions,Export Quantity,1000 tonnes,528,646,745,621,745,4487
Russian Federation,Europe,Sunflowerseed Oil,Export Quantity,1000 tonnes,744,416,507,1494,1401,3340
India,Asia,Stimulants,Export Quantity,1000 tonnes,459,552,716,623,656,3340
United States of America,Americas,Bananas,Export Quantity,1000 tonnes,552,524,539,550,590,2522
China,Asia,Sugar (Raw Equivalent),Export Quantity,1000 tonnes,380,457,444,446,487,7149
China,Asia,Milk - Excluding Butter,Export Quantity,1000 tonnes,212,277,344,367,233,3285
China,Asia,Milk - Excluding Butter,Export Quantity,1000 tonnes,212,277,344,367,233,4562
China,Asia,Alcoholic Beverages,Export Quantity,1000 tonnes,427,475,418,398,428,3006
China,Asia,Pigmeat,Export Quantity,1000 tonnes,450,511,470,376,458,2755
China,Asia,"Sweeteners, Other",Export Quantity,1000 tonnes,656,884,1002,988,1173,2214
United States of America,Americas,"Oilcrops Oil, Other",Export Quantity,1000 tonnes,331,561,535,634,580,1433
United States of America,Americas,Stimulants,Export Quantity,1000 tonnes,458,535,609,630,596,1433
Russian Federation,Europe,Oilcrops,Export Quantity,1000 tonnes,337,175,444,878,703,2146
India,Asia,Spices,Export Quantity,1000 tonnes,493,592,649,833,816,2265
India,Asia,Vegetable Oils,Export Quantity,1000 tonnes,497,546,595,674,853,4703
China,Asia,Spices,Export Quantity,1000 tonnes,547,441,576,592,535,2641
United States of America,Americas,Maize Germ Oil,Export Quantity,1000 tonnes,409,332,420,514,463,2828
China,Asia,Stimulants,Export Quantity,1000 tonnes,482,500,559,572,587,2537
Russian Federation,Europe,Pelagic Fish,Export Quantity,1000 tonnes,376,515,536,587,685,3383
India,Asia,Nuts and products,Export Quantity,1000 tonnes,429,351,487,402,488,3165
India,Asia,Treenuts,Export Quantity,1000 tonnes,429,351,487,402,488,2691
China,Asia,Demersal Fish,Export Quantity,1000 tonnes,335,386,407,1114,1114,2138
India,Asia,"Fruits, Other",Export Quantity,1000 tonnes,462,428,539,572,635,2700
Brazil,Americas,Rice (Milled Equivalent),Export Quantity,1000 tonnes,588,432,1282,1084,814,2699
China,Asia,Soyabeans,Export Quantity,1000 tonnes,410,240,282,388,277,2157
United States of America,Americas,Wine,Export Quantity,1000 tonnes,399,404,425,405,417,2157
United States of America,Americas,Beans,Export Quantity,1000 tonnes,434,407,386,488,453,3356
China,Asia,Barley and products,Export Quantity,1000 tonnes,587,615,623,689,615,2636
China,Asia,Vegetable Oils,Export Quantity,1000 tonnes,277,275,291,294,335,4200
China,Asia,"Offals, Edible",Export Quantity,1000 tonnes,655,693,460,410,440,1597
China,Asia,Offals,Export Quantity,1000 tonnes,655,693,460,410,440,2050
United States of America,Americas,Beer,Export Quantity,1000 tonnes,416,344,363,447,497,2168
India,Asia,"Oilcrops Oil, Other",Export Quantity,1000 tonnes,390,443,421,540,657,3129
United States of America,Americas,Onions,Export Quantity,1000 tonnes,283,361,356,332,358,1472
China,Asia,"Spices, Other",Export Quantity,1000 tonnes,417,361,472,495,436,2658
United States of America,Americas,Cottonseed,Export Quantity,1000 tonnes,213,290,218,178,211,2658
United States of America,Americas,Peas,Export Quantity,1000 tonnes,499,522,336,357,441,2067
India,Asia,Groundnuts (Shelled Eq),Export Quantity,1000 tonnes,343,383,766,659,557,2451
China,Asia,Tea (including mate),Export Quantity,1000 tonnes,321,322,338,331,343,1690
Brazil,Americas,Milk - Excluding Butter,Export Quantity,1000 tonnes,335,212,144,133,143,2181
Brazil,Americas,Milk - Excluding Butter,Export Quantity,1000 tonnes,335,212,144,133,143,1110
Russian Federation,Europe,Alcoholic Beverages,Export Quantity,1000 tonnes,336,277,358,490,514,2155
China,Asia,Cassava and products,Export Quantity,1000 tonnes,189,224,212,201,203,2708
United States of America,Americas,Rape and Mustardseed,Export Quantity,1000 tonnes,249,306,231,243,177,1655
Brazil,Americas,"Fruits, Other",Export Quantity,1000 tonnes,308,298,322,333,330,967
China,Asia,Nuts and products,Export Quantity,1000 tonnes,310,348,511,521,495,967
China,Asia,Treenuts,Export Quantity,1000 tonnes,310,348,511,521,495,1975
India,Asia,Coffee and products,Export Quantity,1000 tonnes,249,312,386,382,389,1029
United States of America,Americas,Sugar (Raw Equivalent),Export Quantity,1000 tonnes,224,364,425,294,341,1206
China,Asia,Cephalopods,Export Quantity,1000 tonnes,260,299,301,486,486,1591
Brazil,Americas,Vegetables,Export Quantity,1000 tonnes,267,251,255,244,258,2185
United States of America,Americas,Freshwater Fish,Export Quantity,1000 tonnes,242,269,293,270,367,2185
India,Asia,Crustaceans,Export Quantity,1000 tonnes,261,273,351,351,351,1718
Brazil,Americas,"Offals, Edible",Export Quantity,1000 tonnes,444,433,456,444,469,1648
Brazil,Americas,Offals,Export Quantity,1000 tonnes,444,433,456,444,469,1832
India,Asia,"Spices, Other",Export Quantity,1000 tonnes,262,296,349,434,487,1275
Russian Federation,Europe,Sunflower seed,Export Quantity,1000 tonnes,103,10,114,275,80,1441
United States of America,Americas,Groundnuts (Shelled Eq),Export Quantity,1000 tonnes,235,224,215,241,464,1587
India,Asia,Sesame seed,Export Quantity,1000 tonnes,216,322,409,327,280,2246
India,Asia,Pulses,Export Quantity,1000 tonnes,106,230,193,172,427,2246
Brazil,Americas,"Vegetables, Other",Export Quantity,1000 tonnes,254,237,242,236,251,1828
United States of America,Americas,Cocoa Beans and products,Export Quantity,1000 tonnes,219,260,297,317,282,582
India,Asia,"Pulses, Other and products",Export Quantity,1000 tonnes,106,228,191,170,423,1379
China,Asia,Grapes and products (excl wine),Export Quantity,1000 tonnes,366,337,418,370,375,1554
India,Asia,Tea (including mate),Export Quantity,1000 tonnes,208,238,327,230,262,1128
United States of America,Americas,"Lemons, Limes and products",Export Quantity,1000 tonnes,147,131,126,130,164,1220
Russian Federation,Europe,Pulses,Export Quantity,1000 tonnes,308,164,570,774,528,1375
United States of America,Americas,Rape and Mustard Oil,Export Quantity,1000 tonnes,274,346,247,339,139,1118
United States of America,Americas,Coffee and products,Export Quantity,1000 tonnes,210,242,278,275,274,1866
United States of America,Americas,"Pulses, Other and products",Export Quantity,1000 tonnes,224,305,273,325,311,1265
Russian Federation,Europe,Beer,Export Quantity,1000 tonnes,230,160,211,311,297,698
Brazil,Americas,Apples and products,Export Quantity,1000 tonnes,199,265,192,241,198,2344
China,Asia,Beer,Export Quantity,1000 tonnes,227,221,251,252,276,1345
China,Asia,"Alcohol, Non-Food",Export Quantity,1000 tonnes,108,156,43,45,46,1279
United States of America,Americas,"Beverages, Alcoholic",Export Quantity,1000 tonnes,167,208,227,329,362,1438
India,Asia,Pimento,Export Quantity,1000 tonnes,204,270,260,369,290,1209
Russian Federation,Europe,Sugar & Sweeteners,Export Quantity,1000 tonnes,183,77,125,145,85,1095
Brazil,Americas,"Lemons, Limes and products",Export Quantity,1000 tonnes,199,175,171,126,150,1227
Russian Federation,Europe,Peas,Export Quantity,1000 tonnes,255,152,461,593,336,398
Russian Federation,Europe,Sugar (Raw Equivalent),Export Quantity,1000 tonnes,163,54,113,118,57,1293
Brazil,Americas,Bananas,Export Quantity,1000 tonnes,144,140,110,93,98,1393
United States of America,Americas,Eggs,Export Quantity,1000 tonnes,168,170,180,239,269,615
United States of America,Americas,Eggs,Export Quantity,1000 tonnes,168,170,180,239,269,821
United States of America,Americas,Sunflower seed,Export Quantity,1000 tonnes,166,153,134,118,142,1797
Brazil,Americas,Nuts and products,Export Quantity,1000 tonnes,185,163,108,108,93,505
Brazil,Americas,Treenuts,Export Quantity,1000 tonnes,185,163,108,108,93,585
United States of America,Americas,Sunflowerseed Oil,Export Quantity,1000 tonnes,214,90,54,33,34,1026
China,Asia,"Cereals, Other",Export Quantity,1000 tonnes,109,129,114,103,104,1026
India,Asia,Starchy Roots,Export Quantity,1000 tonnes,132,224,315,184,260,713
India,Asia,Demersal Fish,Export Quantity,1000 tonnes,141,191,228,228,228,657
India,Asia,Potatoes and products,Export Quantity,1000 tonnes,117,209,298,164,233,657
India,Asia,"Marine Fish, Other",Export Quantity,1000 tonnes,136,157,154,154,154,425
United States of America,Americas,"Cereals, Other",Export Quantity,1000 tonnes,95,98,92,83,91,559
China,Asia,"Roots, Other",Export Quantity,1000 tonnes,117,106,112,115,109,1115
China,Asia,Bovine Meat,Export Quantity,1000 tonnes,145,104,132,166,98,1016
United States of America,Americas,Crustaceans,Export Quantity,1000 tonnes,101,108,139,144,140,1021
China,Asia,"Aquatic Products, Other",Export Quantity,1000 tonnes,82,102,105,118,118,755
China,Asia,Sunflower seed,Export Quantity,1000 tonnes,122,146,170,184,190,459
China,Asia,Eggs,Export Quantity,1000 tonnes,148,112,112,112,102,559
China,Asia,Eggs,Export Quantity,1000 tonnes,148,112,112,112,102,645
Russian Federation,Europe,"Oilcrops, Other",Export Quantity,1000 tonnes,96,90,250,409,401,632
Brazil,Americas,Cocoa Beans and products,Export Quantity,1000 tonnes,85,86,95,84,87,525
India,Asia,Grapes and products (excl wine),Export Quantity,1000 tonnes,173,146,115,247,288,812
Russian Federation,Europe,Fruits - Excluding Wine,Export Quantity,1000 tonnes,93,60,70,178,166,586
United States of America,Americas,Palm Oil,Export Quantity,1000 tonnes,210,112,114,98,109,586
India,Asia,Alcoholic Beverages,Export Quantity,1000 tonnes,68,118,180,254,339,1246
China,Asia,Animal fats,Export Quantity,1000 tonnes,58,66,76,61,59,437
China,Asia,Soyabean Oil,Export Quantity,1000 tonnes,92,77,71,88,127,969
India,Asia,Pelagic Fish,Export Quantity,1000 tonnes,156,170,187,187,187,567
Russian Federation,Europe,Freshwater Fish,Export Quantity,1000 tonnes,148,101,162,131,154,643
China,Asia,Honey,Export Quantity,1000 tonnes,79,103,101,113,128,959
China,Asia,Pimento,Export Quantity,1000 tonnes,127,74,99,94,97,320
United States of America,Americas,Oats,Export Quantity,1000 tonnes,113,96,87,76,102,455
United States of America,Americas,Pineapples and products,Export Quantity,1000 tonnes,102,111,116,131,131,887
India,Asia,Barley and products,Export Quantity,1000 tonnes,57,39,48,120,557,696
China,Asia,Pineapples and products,Export Quantity,1000 tonnes,114,105,87,67,62,524
Brazil,Americas,"Fish, Seafood",Export Quantity,1000 tonnes,60,53,54,65,65,491
China,Asia,"Fats, Animals, Raw",Export Quantity,1000 tonnes,49,52,47,43,43,474
United States of America,Americas,Cephalopods,Export Quantity,1000 tonnes,98,140,152,119,99,591
India,Asia,Millet and products,Export Quantity,1000 tonnes,137,157,133,109,83,821
United States of America,Americas,Cottonseed Oil,Export Quantity,1000 tonnes,101,75,113,119,114,435
China,Asia,Sweet potatoes,Export Quantity,1000 tonnes,136,170,216,249,122,297
United States of America,Americas,"Molluscs, Other",Export Quantity,1000 tonnes,89,85,105,103,98,234
China,Asia,Palm Oil,Export Quantity,1000 tonnes,75,73,65,70,72,608
Russian Federation,Europe,Rape and Mustardseed,Export Quantity,1000 tonnes,135,74,75,72,136,619
Russian Federation,Europe,Rye and products,Export Quantity,1000 tonnes,13,14,89,287,55,522
India,Asia,Tomatoes and products,Export Quantity,1000 tonnes,106,68,231,173,230,893
China,Asia,Coffee and products,Export Quantity,1000 tonnes,110,113,128,164,178,480
China,Asia,"Pulses, Other and products",Export Quantity,1000 tonnes,47,48,42,41,41,355
Russian Federation,Europe,"Beverages, Alcoholic",Export Quantity,1000 tonnes,93,96,103,127,139,492
India,Asia,Soyabeans,Export Quantity,1000 tonnes,43,23,46,66,332,458
India,Asia,Cephalopods,Export Quantity,1000 tonnes,67,110,88,88,88,808
China,Asia,Grapefruit and products,Export Quantity,1000 tonnes,130,117,116,139,175,693
United States of America,Americas,"Fish, Body Oil",Export Quantity,1000 tonnes,50,78,66,41,68,219
Brazil,Americas,Starchy Roots,Export Quantity,1000 tonnes,67,37,51,50,46,558
Russian Federation,Europe,Rape and Mustard Oil,Export Quantity,1000 tonnes,97,99,141,191,305,510
China,Asia,"Oilcrops, Other",Export Quantity,1000 tonnes,72,54,61,87,90,441
India,Asia,Eggs,Export Quantity,1000 tonnes,79,66,66,78,73,677
India,Asia,Eggs,Export Quantity,1000 tonnes,79,66,66,78,73,303
Russian Federation,Europe,Rice (Milled Equivalent),Export Quantity,1000 tonnes,84,154,136,313,145,251
China,Asia,Sorghum and products,Export Quantity,1000 tonnes,39,44,69,37,17,833
India,Asia,"Lemons, Limes and products",Export Quantity,1000 tonnes,125,134,107,90,94,364
Russian Federation,Europe,Stimulants,Export Quantity,1000 tonnes,72,71,71,119,151,362
India,Asia,Coconuts - Incl Copra,Export Quantity,1000 tonnes,148,133,160,171,165,362
China,Asia,Sesame seed,Export Quantity,1000 tonnes,35,34,34,38,35,832
China,Asia,Aquatic Plants,Export Quantity,1000 tonnes,47,55,60,5,5,206
India,Asia,"Alcohol, Non-Food",Export Quantity,1000 tonnes,25,53,121,176,248,550
Brazil,Americas,Beer,Export Quantity,1000 tonnes,67,56,80,99,110,484
Russian Federation,Europe,Soyabean Oil,Export Quantity,1000 tonnes,162,173,129,150,186,777
Russian Federation,Europe,Vegetables,Export Quantity,1000 tonnes,87,42,37,59,79,176
Brazil,Americas,Cassava and products,Export Quantity,1000 tonnes,51,28,38,40,38,172
India,Asia,"Sweeteners, Other",Export Quantity,1000 tonnes,75,75,95,150,161,623
India,Asia,Sorghum and products,Export Quantity,1000 tonnes,81,130,38,149,219,412
Brazil,Americas,"Oilcrops Oil, Other",Export Quantity,1000 tonnes,36,53,62,46,34,800
India,Asia,Palm Oil,Export Quantity,1000 tonnes,63,86,102,71,143,304
Brazil,Americas,Palm Oil,Export Quantity,1000 tonnes,53,62,105,101,111,195
United States of America,Americas,Sweet potatoes,Export Quantity,1000 tonnes,67,91,105,112,128,556
Brazil,Americas,Grapes and products (excl wine),Export Quantity,1000 tonnes,63,65,66,56,49,617
China,Asia,"Oilcrops Oil, Other",Export Quantity,1000 tonnes,22,35,29,39,38,231
China,Asia,"Aquatic Animals, Others",Export Quantity,1000 tonnes,34,47,45,114,114,465
China,Asia,Rape and Mustard Oil,Export Quantity,1000 tonnes,23,19,14,20,20,432
Brazil,Americas,Spices,Export Quantity,1000 tonnes,54,42,44,38,43,503
China,Asia,Bananas,Export Quantity,1000 tonnes,45,37,50,34,36,299
Russian Federation,Europe,"Pulses, Other and products",Export Quantity,1000 tonnes,53,12,109,181,192,163
China,Asia,"Beverages, Alcoholic",Export Quantity,1000 tonnes,52,54,72,53,58,354
Russian Federation,Europe,Meat,Export Quantity,1000 tonnes,66,39,66,73,104,96
Brazil,Americas,Sorghum and products,Export Quantity,1000 tonnes,0,0,0,0,5,221
Brazil,Americas,Pineapples and products,Export Quantity,1000 tonnes,66,30,11,13,10,202
Russian Federation,Europe,Animal fats,Export Quantity,1000 tonnes,75,67,57,100,109,547
Russian Federation,Europe,"Vegetables, Other",Export Quantity,1000 tonnes,35,37,27,47,68,289
Russian Federation,Europe,Potatoes and products,Export Quantity,1000 tonnes,77,73,43,35,52,348
Russian Federation,Europe,Starchy Roots,Export Quantity,1000 tonnes,77,73,43,35,52,5
Russian Federation,Europe,Crustaceans,Export Quantity,1000 tonnes,31,37,41,38,41,130
United States of America,Americas,Coconut Oil,Export Quantity,1000 tonnes,89,20,125,110,26,408
United States of America,Americas,Groundnut Oil,Export Quantity,1000 tonnes,83,115,68,19,51,214
China,Asia,Cocoa Beans and products,Export Quantity,1000 tonnes,52,65,93,77,66,280
Russian Federation,Europe,"Fats, Animals, Raw",Export Quantity,1000 tonnes,70,64,54,93,104,280
India,Asia,"Oilcrops, Other",Export Quantity,1000 tonnes,25,21,46,29,60,188
Brazil,Americas,Groundnuts (Shelled Eq),Export Quantity,1000 tonnes,55,54,58,66,86,370
United States of America,Americas,Millet and products,Export Quantity,1000 tonnes,41,46,61,41,23,336
Russian Federation,Europe,"Fruits, Other",Export Quantity,1000 tonnes,42,27,26,56,65,353
China,Asia,Maize Germ Oil,Export Quantity,1000 tonnes,19,15,53,13,7,385
Russian Federation,Europe,Cocoa Beans and products,Export Quantity,1000 tonnes,40,40,41,71,85,181
Brazil,Americas,"Sweeteners, Other",Export Quantity,1000 tonnes,27,35,47,26,11,319
Brazil,Americas,Pepper,Export Quantity,1000 tonnes,36,31,33,29,31,212
Russian Federation,Europe,Pigmeat,Export Quantity,1000 tonnes,52,26,58,54,64,216
Brazil,Americas,Animal fats,Export Quantity,1000 tonnes,22,28,17,23,31,107
Brazil,Americas,Tea (including mate),Export Quantity,1000 tonnes,34,36,38,38,39,277
United States of America,Americas,"Butter, Ghee",Export Quantity,1000 tonnes,30,58,64,50,94,146
China,Asia,"Meat, Other",Export Quantity,1000 tonnes,23,25,22,24,21,160
Russian Federation,Europe,"Cereals, Other",Export Quantity,1000 tonnes,36,17,9,24,40,254
Brazil,Americas,Pelagic Fish,Export Quantity,1000 tonnes,31,27,29,31,31,121
United States of America,Americas,Infant food,Export Quantity,1000 tonnes,31,35,41,39,37,185
United States of America,Americas,Miscellaneous,Export Quantity,1000 tonnes,31,35,41,39,37,296
China,Asia,"Beverages, Fermented",Export Quantity,1000 tonnes,29,28,29,27,27,115
India,Asia,"Oranges, Mandarines",Export Quantity,1000 tonnes,26,18,29,27,30,126
Brazil,Americas,Tomatoes and products,Export Quantity,1000 tonnes,13,14,13,8,7,149
India,Asia,Apples and products,Export Quantity,1000 tonnes,29,51,29,26,42,183
India,Asia,Pepper,Export Quantity,1000 tonnes,26,26,37,29,39,183
China,Asia,Groundnut Oil,Export Quantity,1000 tonnes,29,37,39,44,52,140
Brazil,Americas,"Fats, Animals, Raw",Export Quantity,1000 tonnes,14,15,9,15,24,130
Brazil,Americas,Maize Germ Oil,Export Quantity,1000 tonnes,40,34,37,37,28,55
Brazil,Americas,Crustaceans,Export Quantity,1000 tonnes,9,5,6,16,16,177
Russian Federation,Europe,Millet and products,Export Quantity,1000 tonnes,3,6,55,86,39,157
Brazil,Americas,Cottonseed Oil,Export Quantity,1000 tonnes,7,0,4,1,0,201
India,Asia,Bananas,Export Quantity,1000 tonnes,54,61,41,54,37,77
United States of America,Americas,Spices,Export Quantity,1000 tonnes,23,25,28,32,33,176
United States of America,Americas,"Beverages, Fermented",Export Quantity,1000 tonnes,18,21,20,19,26,52
United States of America,Americas,Tea (including mate),Export Quantity,1000 tonnes,28,33,35,38,40,189
India,Asia,"Cereals, Other",Export Quantity,1000 tonnes,50,31,36,43,62,12
India,Asia,Rape and Mustardseed,Export Quantity,1000 tonnes,35,22,36,20,36,247
Brazil,Americas,Eggs,Export Quantity,1000 tonnes,47,41,30,37,20,141
Brazil,Americas,Eggs,Export Quantity,1000 tonnes,47,41,30,37,20,104
India,Asia,"Beverages, Alcoholic",Export Quantity,1000 tonnes,21,36,25,40,50,174
China,Asia,Millet and products,Export Quantity,1000 tonnes,15,15,15,15,13,222
Russian Federation,Europe,Soyabeans,Export Quantity,1000 tonnes,2,1,5,120,84,149
Russian Federation,Europe,Apples and products,Export Quantity,1000 tonnes,13,14,17,36,31,175
United States of America,Americas,Palmkernel Oil,Export Quantity,1000 tonnes,32,10,14,47,6,175
United States of America,Americas,"Meat, Other",Export Quantity,1000 tonnes,4,6,6,6,6,172
Russian Federation,Europe,Coffee and products,Export Quantity,1000 tonnes,23,21,23,36,52,73
Brazil,Americas,Cottonseed,Export Quantity,1000 tonnes,75,4,39,4,1,212
Brazil,Americas,"Beverages, Alcoholic",Export Quantity,1000 tonnes,19,19,22,21,23,111
Russian Federation,Europe,"Oranges, Mandarines",Export Quantity,1000 tonnes,18,10,9,28,14,109
India,Asia,Animal fats,Export Quantity,1000 tonnes,19,28,34,32,31,28
Brazil,Americas,Groundnut Oil,Export Quantity,1000 tonnes,31,24,23,38,63,155
United States of America,Americas,"Citrus, Other",Export Quantity,1000 tonnes,4,10,16,12,148,123
Brazil,Americas,"Marine Fish, Other",Export Quantity,1000 tonnes,10,9,10,14,14,104
India,Asia,Beer,Export Quantity,1000 tonnes,20,26,32,37,39,79
Russian Federation,Europe,"Sweeteners, Other",Export Quantity,1000 tonnes,20,22,12,27,28,144
Russian Federation,Europe,"Alcohol, Non-Food",Export Quantity,1000 tonnes,11,19,42,49,73,179
India,Asia,Freshwater Fish,Export Quantity,1000 tonnes,43,18,20,20,20,190
Russian Federation,Europe,Bananas,Export Quantity,1000 tonnes,11,5,13,43,49,57
India,Asia,Mutton & Goat Meat,Export Quantity,1000 tonnes,52,14,11,12,21,154
Russian Federation,Europe,Nuts and products,Export Quantity,1000 tonnes,18,12,6,25,21,109
Russian Federation,Europe,Treenuts,Export Quantity,1000 tonnes,18,12,6,25,21,194
Brazil,Americas,Honey,Export Quantity,1000 tonnes,26,19,22,17,16,121
China,Asia,Mutton & Goat Meat,Export Quantity,1000 tonnes,14,20,9,6,4,121
Brazil,Americas,Pulses,Export Quantity,1000 tonnes,33,4,20,43,35,110
India,Asia,Honey,Export Quantity,1000 tonnes,13,23,29,25,30,82
Russian Federation,Europe,Oats,Export Quantity,1000 tonnes,15,16,27,39,23,82
Brazil,Americas,Beans,Export Quantity,1000 tonnes,33,4,20,38,33,100
United States of America,Americas,"Spices, Other",Export Quantity,1000 tonnes,14,16,16,17,18,53
Brazil,Americas,"Meat, Other",Export Quantity,1000 tonnes,10,4,2,3,2,135
United States of America,Americas,Cream,Export Quantity,1000 tonnes,14,25,27,9,10,120
Brazil,Americas,Barley and products,Export Quantity,1000 tonnes,0,0,0,0,27,120
Russian Federation,Europe,Palm Oil,Export Quantity,1000 tonnes,14,23,27,44,45,128
China,Asia,"Citrus, Other",Export Quantity,1000 tonnes,11,4,12,7,8,81
India,Asia,Cassava and products,Export Quantity,1000 tonnes,10,11,14,17,21,21
Russian Federation,Europe,Eggs,Export Quantity,1000 tonnes,17,13,13,19,19,85
Russian Federation,Europe,Eggs,Export Quantity,1000 tonnes,17,13,13,19,19,27
Russian Federation,Europe,"Molluscs, Other",Export Quantity,1000 tonnes,13,14,15,3,3,153
China,Asia,Wine,Export Quantity,1000 tonnes,11,15,22,22,21,42
China,Asia,"Lemons, Limes and products",Export Quantity,1000 tonnes,13,21,16,21,23,73
Brazil,Americas,Demersal Fish,Export Quantity,1000 tonnes,7,11,9,4,4,81
China,Asia,Sesameseed Oil,Export Quantity,1000 tonnes,10,11,11,13,12,81
United States of America,Americas,Rye and products,Export Quantity,1000 tonnes,8,10,6,7,7,48
United States of America,Americas,Coconuts - Incl Copra,Export Quantity,1000 tonnes,11,24,38,16,14,91
India,Asia,"Molluscs, Other",Export Quantity,1000 tonnes,29,22,8,8,8,94
Russian Federation,Europe,"Offals, Edible",Export Quantity,1000 tonnes,9,18,20,28,37,35
Russian Federation,Europe,Offals,Export Quantity,1000 tonnes,9,18,20,28,37,57
United States of America,Americas,Olive Oil,Export Quantity,1000 tonnes,6,7,8,11,13,38
United States of America,Americas,"Roots, Other",Export Quantity,1000 tonnes,10,13,15,12,18,103
India,Asia,"Offals, Edible",Export Quantity,1000 tonnes,6,7,11,35,54,75
India,Asia,Offals,Export Quantity,1000 tonnes,6,7,11,35,54,112
Russian Federation,Europe,Cephalopods,Export Quantity,1000 tonnes,3,4,3,7,10,112
United States of America,Americas,Cassava and products,Export Quantity,1000 tonnes,4,5,5,6,9,45
India,Asia,Groundnut Oil,Export Quantity,1000 tonnes,0,0,7,20,3,68
Brazil,Americas,"Spices, Other",Export Quantity,1000 tonnes,4,6,7,5,7,113
Brazil,Americas,Wine,Export Quantity,1000 tonnes,29,11,2,6,20,113
India,Asia,Coconut Oil,Export Quantity,1000 tonnes,5,4,42,8,7,27
Russian Federation,Europe,Bovine Meat,Export Quantity,1000 tonnes,8,6,6,8,9,29
Russian Federation,Europe,Tea (including mate),Export Quantity,1000 tonnes,10,9,7,13,14,30
Russian Federation,Europe,Tomatoes and products,Export Quantity,1000 tonnes,8,4,3,12,10,29
India,Asia,Soyabean Oil,Export Quantity,1000 tonnes,2,1,10,1,0,68
Brazil,Americas,Infant food,Export Quantity,1000 tonnes,7,8,8,8,8,66
Brazil,Americas,Miscellaneous,Export Quantity,1000 tonnes,7,8,8,8,8,37
United States of America,Americas,"Aquatic Products, Other",Export Quantity,1000 tonnes,4,4,4,18,15,53
China,Asia,Peas,Export Quantity,1000 tonnes,6,4,5,3,3,37
India,Asia,"Citrus, Other",Export Quantity,1000 tonnes,11,8,7,8,11,14
Brazil,Americas,Grapefruit and products,Export Quantity,1000 tonnes,7,4,3,4,0,39
India,Asia,Sesameseed Oil,Export Quantity,1000 tonnes,4,8,7,10,11,39
India,Asia,Sunflowerseed Oil,Export Quantity,1000 tonnes,1,1,4,16,14,45
India,Asia,"Butter, Ghee",Export Quantity,1000 tonnes,5,10,10,7,9,21
United States of America,Americas,Mutton & Goat Meat,Export Quantity,1000 tonnes,8,9,10,6,4,45
India,Asia,"Fish, Body Oil",Export Quantity,1000 tonnes,10,14,19,19,19,18
Russian Federation,Europe,Poultry Meat,Export Quantity,1000 tonnes,5,7,2,11,30,40
India,Asia,"Aquatic Products, Other",Export Quantity,1000 tonnes,9,3,6,6,6,36
India,Asia,Infant food,Export Quantity,1000 tonnes,9,6,12,4,7,41
India,Asia,Miscellaneous,Export Quantity,1000 tonnes,9,6,12,4,7,37
China,Asia,"Fish, Body Oil",Export Quantity,1000 tonnes,5,9,23,13,13,81
India,Asia,"Aquatic Animals, Others",Export Quantity,1000 tonnes,8,2,5,5,5,55
United States of America,Americas,Pepper,Export Quantity,1000 tonnes,5,6,7,9,10,30
United States of America,Americas,Olives (including preserved),Export Quantity,1000 tonnes,6,5,6,7,9,38
China,Asia,Pepper,Export Quantity,1000 tonnes,3,5,5,3,2,38
United States of America,Americas,Honey,Export Quantity,1000 tonnes,5,11,6,6,6,63
United States of America,Americas,Pimento,Export Quantity,1000 tonnes,3,4,5,5,5,25
Russian Federation,Europe,Onions,Export Quantity,1000 tonnes,43,1,6,0,1,37
Brazil,Americas,Yams,Export Quantity,1000 tonnes,6,4,4,0,0,33
China,Asia,Oats,Export Quantity,1000 tonnes,9,10,8,4,4,18
Russian Federation,Europe,Infant food,Export Quantity,1000 tonnes,6,6,5,9,14,34
Russian Federation,Europe,Miscellaneous,Export Quantity,1000 tonnes,6,6,5,9,14,22
Brazil,Americas,Pimento,Export Quantity,1000 tonnes,9,2,0,3,2,51
India,Asia,Ricebran Oil,Export Quantity,1000 tonnes,30,0,0,0,0,14
India,Asia,"Fats, Animals, Raw",Export Quantity,1000 tonnes,3,3,3,4,2,35
United States of America,Americas,"Aquatic Animals, Others",Export Quantity,1000 tonnes,2,2,2,17,13,40
China,Asia,Cottonseed,Export Quantity,1000 tonnes,6,1,4,7,1,40
Brazil,Americas,Cream,Export Quantity,1000 tonnes,6,9,6,7,7,16
China,Asia,Coconuts - Incl Copra,Export Quantity,1000 tonnes,1,2,9,2,2,30
United States of America,Americas,Dates,Export Quantity,1000 tonnes,4,4,6,6,7,15
India,Asia,Rape and Mustard Oil,Export Quantity,1000 tonnes,2,1,2,6,15,36
China,Asia,"Butter, Ghee",Export Quantity,1000 tonnes,3,4,4,3,2,19
Russian Federation,Europe,"Oilcrops Oil, Other",Export Quantity,1000 tonnes,2,1,1,5,8,35
Russian Federation,Europe,"Butter, Ghee",Export Quantity,1000 tonnes,4,3,2,5,3,16
Brazil,Americas,Oats,Export Quantity,1000 tonnes,10,4,10,3,7,27
United States of America,Americas,Sugar Crops,Export Quantity,1000 tonnes,1,3,1,2,5,26
Brazil,Americas,Sweet potatoes,Export Quantity,1000 tonnes,5,3,4,3,3,16
India,Asia,Sunflower seed,Export Quantity,1000 tonnes,5,4,6,4,5,17
Brazil,Americas,Sunflowerseed Oil,Export Quantity,1000 tonnes,1,1,1,1,1,17
India,Asia,Pineapples and products,Export Quantity,1000 tonnes,3,3,4,4,3,34
Brazil,Americas,Cloves,Export Quantity,1000 tonnes,6,3,4,0,4,12
Russian Federation,Europe,Wine,Export Quantity,1000 tonnes,1,2,1,1,1,18
Brazil,Americas,Coconuts - Incl Copra,Export Quantity,1000 tonnes,3,2,4,7,9,24
India,Asia,Poultry Meat,Export Quantity,1000 tonnes,2,4,10,6,6,5
Russian Federation,Europe,Sorghum and products,Export Quantity,1000 tonnes,3,0,0,8,32,17
Brazil,Americas,"Beverages, Fermented",Export Quantity,1000 tonnes,4,5,4,4,4,17
Brazil,Americas,Potatoes and products,Export Quantity,1000 tonnes,4,2,5,5,3,6
India,Asia,Beans,Export Quantity,1000 tonnes,0,1,1,2,4,25
India,Asia,Cocoa Beans and products,Export Quantity,1000 tonnes,3,2,3,11,6,28
Russian Federation,Europe,Spices,Export Quantity,1000 tonnes,3,3,1,2,7,43
United States of America,Americas,Sesame seed,Export Quantity,1000 tonnes,3,7,5,1,2,21
Russian Federation,Europe,"Lemons, Limes and products",Export Quantity,1000 tonnes,3,1,1,0,0,19
Russian Federation,Europe,"Aquatic Products, Other",Export Quantity,1000 tonnes,3,2,3,10,12,8
Russian Federation,Europe,"Aquatic Animals, Others",Export Quantity,1000 tonnes,3,2,3,10,12,25
United States of America,Americas,Sugar beet,Export Quantity,1000 tonnes,0,2,0,2,5,16
China,Asia,Rye and products,Export Quantity,1000 tonnes,0,0,0,0,0,18
Russian Federation,Europe,Grapefruit and products,Export Quantity,1000 tonnes,2,1,1,9,2,5
India,Asia,Sweet potatoes,Export Quantity,1000 tonnes,3,3,2,3,2,30
India,Asia,Cottonseed,Export Quantity,1000 tonnes,1,5,7,2,2,30
United States of America,Americas,Plantains,Export Quantity,1000 tonnes,0,0,0,15,16,9
Russian Federation,Europe,Pineapples and products,Export Quantity,1000 tonnes,2,1,1,2,2,0
Russian Federation,Europe,"Spices, Other",Export Quantity,1000 tonnes,2,3,1,1,7,15
United States of America,Americas,Aquatic Plants,Export Quantity,1000 tonnes,2,2,2,2,2,13
Brazil,Americas,"Butter, Ghee",Export Quantity,1000 tonnes,2,5,2,1,1,17
China,Asia,Rape and Mustardseed,Export Quantity,1000 tonnes,2,2,2,2,2,31
India,Asia,Peas,Export Quantity,1000 tonnes,1,1,0,0,1,8
United States of America,Americas,"Fish, Liver Oil",Export Quantity,1000 tonnes,1,1,2,1,1,14
China,Asia,Cottonseed Oil,Export Quantity,1000 tonnes,5,3,3,2,1,10
China,Asia,Sunflowerseed Oil,Export Quantity,1000 tonnes,1,1,2,2,2,11
China,Asia,Sugar Crops,Export Quantity,1000 tonnes,1,1,2,1,5,10
India,Asia,Cottonseed Oil,Export Quantity,1000 tonnes,0,0,0,0,0,3
United States of America,Americas,Yams,Export Quantity,1000 tonnes,0,0,0,10,13,6
Brazil,Americas,Palmkernel Oil,Export Quantity,1000 tonnes,0,1,6,4,10,14
India,Asia,Rye and products,Export Quantity,1000 tonnes,0,0,0,0,0,8
Russian Federation,Europe,Grapes and products (excl wine),Export Quantity,1000 tonnes,1,1,1,3,3,10
United States of America,Americas,Sesameseed Oil,Export Quantity,1000 tonnes,1,1,1,1,1,0
China,Asia,Dates,Export Quantity,1000 tonnes,1,1,1,1,1,23
India,Asia,"Roots, Other",Export Quantity,1000 tonnes,2,2,2,1,1,21
United States of America,Americas,Sugar cane,Export Quantity,1000 tonnes,1,1,1,0,0,0
China,Asia,Palmkernel Oil,Export Quantity,1000 tonnes,0,0,0,0,0,9
China,Asia,Olive Oil,Export Quantity,1000 tonnes,2,2,3,3,2,5
China,Asia,Sugar beet,Export Quantity,1000 tonnes,1,1,2,1,3,5
China,Asia,Infant food,Export Quantity,1000 tonnes,1,1,1,2,2,8
China,Asia,Miscellaneous,Export Quantity,1000 tonnes,1,1,1,2,2,3
India,Asia,Pigmeat,Export Quantity,1000 tonnes,2,2,1,0,0,0
China,Asia,Yams,Export Quantity,1000 tonnes,0,0,0,6,8,12
China,Asia,Cream,Export Quantity,1000 tonnes,1,1,2,0,1,8
India,Asia,Grapefruit and products,Export Quantity,1000 tonnes,1,1,1,1,0,7
India,Asia,"Meat, Other",Export Quantity,1000 tonnes,1,1,2,1,1,7
Brazil,Americas,Rape and Mustard Oil,Export Quantity,1000 tonnes,1,1,1,1,0,5
China,Asia,Sugar cane,Export Quantity,1000 tonnes,0,0,0,0,3,14
India,Asia,Wine,Export Quantity,1000 tonnes,2,1,1,1,2,5
Brazil,Americas,Freshwater Fish,Export Quantity,1000 tonnes,1,0,0,0,0,4
Russian Federation,Europe,"Beverages, Fermented",Export Quantity,1000 tonnes,0,1,1,2,3,6
Russian Federation,Europe,Cream,Export Quantity,1000 tonnes,1,0,1,2,2,4
Brazil,Americas,Cephalopods,Export Quantity,1000 tonnes,1,0,0,0,0,3
India,Asia,Palmkernel Oil,Export Quantity,1000 tonnes,0,0,0,0,0,7
India,Asia,Dates,Export Quantity,1000 tonnes,2,4,1,0,1,1
Russian Federation,Europe,Maize Germ Oil,Export Quantity,1000 tonnes,1,1,1,1,1,7
Brazil,Americas,"Pulses, Other and products",Export Quantity,1000 tonnes,0,0,0,6,2,6
India,Asia,Cream,Export Quantity,1000 tonnes,1,1,1,1,1,1
Brazil,Americas,Rape and Mustardseed,Export Quantity,1000 tonnes,1,1,1,1,1,0
China,Asia,Palm kernels,Export Quantity,1000 tonnes,0,0,0,0,0,8
India,Asia,Oats,Export Quantity,1000 tonnes,0,0,0,3,1,5
Russian Federation,Europe,"Meat, Other",Export Quantity,1000 tonnes,0,0,0,1,1,8
India,Asia,Aquatic Plants,Export Quantity,1000 tonnes,1,1,1,1,1,5
Russian Federation,Europe,Groundnuts (Shelled Eq),Export Quantity,1000 tonnes,0,0,0,1,1,5
Russian Federation,Europe,"Citrus, Other",Export Quantity,1000 tonnes,0,0,0,0,0,0
Brazil,Americas,"Cereals, Other",Export Quantity,1000 tonnes,0,0,1,2,1,4
Brazil,Americas,"Roots, Other",Export Quantity,1000 tonnes,0,0,0,3,2,2
India,Asia,Maize Germ Oil,Export Quantity,1000 tonnes,0,0,0,1,0,5
India,Asia,Cloves,Export Quantity,1000 tonnes,1,1,2,1,0,2
Russian Federation,Europe,Olives (including preserved),Export Quantity,1000 tonnes,1,0,0,1,1,0
United States of America,Americas,Palm kernels,Export Quantity,1000 tonnes,0,0,0,0,0,4
Brazil,Americas,Plantains,Export Quantity,1000 tonnes,0,0,0,3,1,5
China,Asia,Cloves,Export Quantity,1000 tonnes,0,0,0,0,0,1
India,Asia,Yams,Export Quantity,1000 tonnes,0,0,0,0,4,5
China,Asia,Olives (including preserved),Export Quantity,1000 tonnes,0,0,1,1,1,3
India,Asia,Olive Oil,Export Quantity,1000 tonnes,0,0,0,2,0,0
India,Asia,Sugar Crops,Export Quantity,1000 tonnes,0,0,0,0,0,4
China,Asia,"Fish, Liver Oil",Export Quantity,1000 tonnes,0,0,0,1,1,0
India,Asia,Sugar beet,Export Quantity,1000 tonnes,0,0,0,0,0,4
India,Asia,"Beverages, Fermented",Export Quantity,1000 tonnes,0,1,0,0,0,3
Russian Federation,Europe,Pepper,Export Quantity,1000 tonnes,0,0,0,0,0,2
Russian Federation,Europe,"Fish, Body Oil",Export Quantity,1000 tonnes,0,0,0,0,0,0
Brazil,Americas,Sunflower seed,Export Quantity,1000 tonnes,0,0,0,0,0,2
Brazil,Americas,"Citrus, Other",Export Quantity,1000 tonnes,0,0,0,0,0,0
India,Asia,Sugar cane,Export Quantity,1000 tonnes,0,0,0,0,0,1
India,Asia,Palm kernels,Export Quantity,1000 tonnes,0,0,0,0,0,0
India,Asia,"Fish, Liver Oil",Export Quantity,1000 tonnes,0,0,0,0,0,0
Russian Federation,Europe,Coconuts - Incl Copra,Export Quantity,1000 tonnes,0,0,0,0,0,0
Brazil,Americas,Rye and products,Export Quantity,1000 tonnes,0,0,0,0,0,0
Brazil,Americas,Millet and products,Export Quantity,1000 tonnes,0,0,0,0,0,0
Brazil,Americas,Sugar cane,Export Quantity,1000 tonnes,0,0,0,0,0,0
Brazil,Americas,Peas,Export Quantity,1000 tonnes,0,0,0,0,0,0
Brazil,Americas,Sesame seed,Export Quantity,1000 tonnes,0,0,0,0,0,0
Brazil,Americas,Palm kernels,Export Quantity,1000 tonnes,0,0,0,0,0,0
Brazil,Americas,Olives (including preserved),Export Quantity,1000 tonnes,0,0,0,0,0,0
Brazil,Americas,"Oilcrops, Other",Export Quantity,1000 tonnes,0,0,0,0,0,0
Brazil,Americas,Coconut Oil,Export Quantity,1000 tonnes,0,0,0,0,0,0
Brazil,Americas,Sesameseed Oil,Export Quantity,1000 tonnes,0,0,0,0,0,0
Brazil,Americas,Olive Oil,Export Quantity,1000 tonnes,0,0,0,0,0,0
Brazil,Americas,Ricebran Oil,Export Quantity,1000 tonnes,0,0,0,0,0,0
Brazil,Americas,Onions,Export Quantity,1000 tonnes,0,0,0,0,0,0
Brazil,Americas,Dates,Export Quantity,1000 tonnes,0,0,0,0,0,0
Brazil,Americas,Mutton & Goat Meat,Export Quantity,1000 tonnes,0,0,0,0,0,0
Brazil,Americas,"Fish, Body Oil",Export Quantity,1000 tonnes,0,0,0,0,0,0
Brazil,Americas,"Fish, Liver Oil",Export Quantity,1000 tonnes,0,0,0,0,0,0
Brazil,Americas,"Molluscs, Other",Export Quantity,1000 tonnes,0,0,0,0,0,0
Brazil,Americas,Aquatic Plants,Export Quantity,1000 tonnes,0,0,0,0,0,0
Brazil,Americas,Sugar Crops,Export Quantity,1000 tonnes,0,0,0,0,0,0
Brazil,Americas,"Aquatic Products, Other",Export Quantity,1000 tonnes,0,0,0,0,0,0
China,Asia,Coconut Oil,Export Quantity,1000 tonnes,0,0,0,0,0,0
China,Asia,Ricebran Oil,Export Quantity,1000 tonnes,0,0,0,0,0,0
India,Asia,Sugar non-centrifugal,Export Quantity,1000 tonnes,0,0,0,0,0,0
India,Asia,Olives (including preserved),Export Quantity,1000 tonnes,0,0,0,0,0,0
India,Asia,Plantains,Export Quantity,1000 tonnes,0,0,0,0,0,0
Russian Federation,Europe,Cassava and products,Export Quantity,1000 tonnes,0,0,0,0,0,0
Russian Federation,Europe,Sweet potatoes,Export Quantity,1000 tonnes,0,0,0,0,0,0
Russian Federation,Europe,"Roots, Other",Export Quantity,1000 tonnes,0,0,0,0,0,0
Russian Federation,Europe,Honey,Export Quantity,1000 tonnes,0,0,0,0,0,0
Russian Federation,Europe,Beans,Export Quantity,1000 tonnes,0,0,0,0,0,0
Russian Federation,Europe,Sesame seed,Export Quantity,1000 tonnes,0,0,0,0,0,0
Russian Federation,Europe,Groundnut Oil,Export Quantity,1000 tonnes,0,0,0,0,0,0
Russian Federation,Europe,Cottonseed Oil,Export Quantity,1000 tonnes,0,0,0,0,0,0
Russian Federation,Europe,Palmkernel Oil,Export Quantity,1000 tonnes,0,0,0,0,0,0
Russian Federation,Europe,Coconut Oil,Export Quantity,1000 tonnes,0,0,0,0,0,0
Russian Federation,Europe,Sesameseed Oil,Export Quantity,1000 tonnes,0,0,0,0,0,0
Russian Federation,Europe,Olive Oil,Export Quantity,1000 tonnes,0,0,0,0,0,0
Russian Federation,Europe,Plantains,Export Quantity,1000 tonnes,0,0,0,0,0,0
Russian Federation,Europe,Dates,Export Quantity,1000 tonnes,0,0,0,0,0,0
Russian Federation,Europe,Pimento,Export Quantity,1000 tonnes,0,0,0,0,0,0
Russian Federation,Europe,Cloves,Export Quantity,1000 tonnes,0,0,0,0,0,0
Russian Federation,Europe,Mutton & Goat Meat,Export Quantity,1000 tonnes,0,0,0,0,0,0
Russian Federation,Europe,"Fish, Liver Oil",Export Quantity,1000 tonnes,0,0,0,0,0,0
Russian Federation,Europe,Aquatic Plants,Export Quantity,1000 tonnes,0,0,0,0,0,0
United States of America,Americas,Cloves,Export Quantity,1000 tonnes,0,0,0,0,0,0
,,,,,,,,,,0
,,,,,,,,,,0
,,,,,,,,,,0
,,,,,,,,,,0
,,,,,,,,,,0
